[{"name":"García García Patricia","hash":658053,"email":"patricia.garcia@congreso.gob.mx","twitter":"https://goo.gl/uFI5gO","phone":"50-36-00-00 Ext: 59160. 56-28-13-00 Ext: *362."},{"name":"Ibarra Rangel Miriam Dennis","hash":52620988656,"email":"dennis.ibarra@congreso.gob.mx","twitter":"https://goo.gl/TGeWud","phone":"50-36-00-00 Ext: 58217"},{"name":"López Martín Jorge","hash":6840,"email":"jorge.lopez@congreso.gob.mx","twitter":"https://goo.gl/9nzqli","phone":"50-36-00-00 Ext: 59301. 56-28-13-00 Ext: *144."},{"name":"Muñoz Cervantes Arlette Ivette","hash":17160,"email":"arlette.munoz@congreso.gob.mx","twitter":"https://goo.gl/5Nbds5","phone":"50-36-00-00 Ext: 59288. 56-28-13-00 Ext: *373."},{"name":"Salas Díaz Gerardo Federico","hash":24,"email":"gerardo.salas@congreso.gob.mx","twitter":"https://goo.gl/oTfACb","phone":"50-36-00-00 Ext: 59089. 56-28-13-00 Ext: *391."},{"name":"Toledo Aceves Wendolin","hash":24009858,"email":"wendolin.toledo@congreso.gob.mx","twitter":"https://goo.gl/89famM","phone":"50-36-00-00 Ext: 66252."},{"name":"Barraza López José Teodoro","hash":94525570,"email":"jose.barraza@congreso.gob.mx","twitter":"https://goo.gl/lDz539","phone":"50-36-00-00 Ext: 51219"},{"name":"Cañedo Jiménez Roberto Alejandro","hash":455105700,"email":"diputadocanedo@gmail.com","twitter":"https://goo.gl/c1qPsb","phone":"50-36-00-00 Ext: 56159"},{"name":"Cruz Blackledge Gina Andrea","hash":199123535520,"email":"gina.cruz@congreso.gob.mx","twitter":"https://goo.gl/5g20wA","phone":"50-36-00-00 Ext: 59089. 56-28-13-00 Ext: *391"},{"name":"Ferreiro Velazco José Alfredo","hash":2585194740,"email":"jose.ferreiro@congreso.gob.mx","twitter":"https://goo.gl/sibWpp","phone":"50-36-00-00 Ext: 56099"},{"name":"García Ayala Marco Antonio","hash":2831461248,"email":"marco.garcia@congreso.gob.mx","twitter":"https://goo.gl/h7UcKJ","phone":"50-36-00-00 Ext: 55075 y 55042"},{"name":"García López José Máximo","hash":242250,"email":"maximo.garcia@congreso.gob.mx  jose.garcia@diputadospan.org.mx","twitter":"https://goo.gl/eB5BaL","phone":"01 664 681 8955"},{"name":"García Soberanes Cynthia Gissel","hash":774491508,"email":"cynthia.garcia@congreso.gob.mx","twitter":"https://goo.gl/KQbosQ","phone":"(55) 5036 0000 ext. 56140"},{"name":"González Ceceña Exaltación","hash":35904,"email":"exaltacion.gonzalez@congreso.gob.mx","twitter":"https://goo.gl/KUkEEy","phone":"686 2512524"},{"name":"Martínez Santos Wenceslao","hash":59280,"email":"wenceslao.martinez@congreso.gob.mx","twitter":"https://goo.gl/fLHFF9","phone":"50-36-00-00 Ext.59288"},{"name":"Nava Mouett Jacqueline","hash":373176,"email":"jacqueline.nava@congreso.gob.mx","twitter":"https://goo.gl/2rP6Gg","phone":"(01) 50360000"},{"name":"Paniagua Figueroa Luz Argelia","hash":491400,"email":"luz.paniagua@congreso.gob.mx, luzargeliabc@gmail.com\n","twitter":"https://goo.gl/dWmmLK","phone":"50-36-00-00 Ext: 51235. 56-28-13-00 Ext: *356"},{"name":"Ramos Hernández Jorge","hash":35640,"email":"jorge.ramos@congreso.gob.mx","twitter":"https://goo.gl/6ov0SX","phone":"6643861003"},{"name":"Rodríguez Rubio María del Rosario","hash":838696320,"email":"rosario.rodriguez@congreso.gob.mx","twitter":"https://goo.gl/Bpy9wL","phone":"(01) 50360000"},{"name":"Sánchez Arredondo Nancy Guadalupe","hash":569446416,"email":"nancy.sanchez@congreso.gob.mx, \r\nnancysanchez0204@gmail.com\r\n","twitter":"https://goo.gl/EmWhNw","phone":"(01) 56281300"},{"name":"Sánchez Meza María Luisa","hash":10182480,"email":"luisa.sanchez@congreso.gob.mx","twitter":"https://goo.gl/9jjMDa","phone":"50-36-00-00 Ext: 59159. 56-28-13-00 Ext: *394"},{"name":"Talavera Hernández María Eloísa","hash":573358500,"email":"maria.talavera@congreso.gob.mx","twitter":"https://goo.gl/Xt8hxV","phone":"50-36-00-00 Ext: 59306. 56-28-13-00 Ext: *110"},{"name":"Corral Estrada Herminio","hash":186625120,"email":"herminio.corral@congreso.gob.mx","twitter":"https://goo.gl/r0KSRJ","phone":"50-36-00-00 Ext: 59164. 56-28-13-00 Ext: *365"},{"name":"Ibarra Montoya Víctor Ernesto","hash":10352160,"email":"victor.ibarra@congreso.gob.mx","twitter":"https://goo.gl/v2r765","phone":"50-36-00-00 Ext: 51219. 56-28-13-00 Ext: *153"},{"name":"Paes Martínez Jisela","hash":172458,"email":"jiselapaesmartinez@gmail.com\r","twitter":"https://goo.gl/jxwSVy","phone":"50-36-00-00 Ext: 59171. 56-28-13-00 Ext: *385"},{"name":"Ponce Beltrán Esthela de Jesús","hash":8168108718,"email":"esthela.ponce@congreso.gob.mx","twitter":"https://goo.gl/PMPtlW","phone":"56-28-13-00 Ext: 4130"},{"name":"Márquez Zapata Nelly del Carmen","hash":1191555669744,"email":"nelly.marquez@congreso.gob.mx","twitter":"https://goo.gl/WrvNOj","phone":"50-36-00-00 Ext: 51224. 56-28-13-00 Ext: *159"},{"name":"Matesanz Santamaría Rocío","hash":753480,"email":"rocio.matesanz@congreso.gob.mx","twitter":"https://goo.gl/we6NUi","phone":"50-36-00-00 Ext: 51151. 56-28-13-00 Ext: *387"},{"name":"Ortiz Lanz Adriana del Pilar","hash":4411974573464,"email":"adriana.ortiz@congreso.gob.mx","twitter":"https://goo.gl/m8PHMP","phone":"50-36-00-00 Ext: 53232"},{"name":"Sulub Caamal Miguel Ángel","hash":50965320,"email":"miguel.sulub@congreso.gob.mx","twitter":"https://goo.gl/SCe4TE","phone":"50-36-00-00 Ext: 59143"},{"name":"Álvarez López Jorge","hash":32832,"email":"jorge.alvarez@congreso.gob.mx","twitter":"https://goo.gl/WuLmtY","phone":"50-36-00-00 Ext: 53245"},{"name":"Avendaño Bermúdez Luis Ignacio","hash":317588040,"email":"luis.avendano@congreso.gob.mx","twitter":"https://goo.gl/zQDbtc","phone":"50-36-00-00 Ext: 59020"},{"name":"Chacón Morales Samuel Alexis","hash":447564000,"email":"samuel.chacon@congreso.gob.mx","twitter":"https://goo.gl/7Twyqe","phone":"50-36-00-00 Ext: 66355"},{"name":"Couttolenc Buentello José Alberto","hash":1376280960,"email":"jose.couttolenc@congreso.gob.mx","twitter":"https://goo.gl/4xNmVr","phone":"50-36-00-00 Ext: 59113"},{"name":"De León Villard Sasil Dora Luz","hash":27625806000,"email":"sasil.deleon@congreso.gob.mx","twitter":"https://goo.gl/piQD79","phone":"50-36-00-00 Ext: 59093"},{"name":"González Torres Sofía","hash":14415984,"email":"sofia.gonzalez@congreso.gob.mx","twitter":"https://goo.gl/Reqv3B","phone":"50-36-00-00 Ext: 59112"},{"name":"Guirao Aguilar Leonardo Rafael","hash":97990200,"email":"leonardo.guirao@congreso.gob.mx","twitter":"https://goo.gl/sdYoSC","phone":"50-36-00-00 Ext: 59034"},{"name":"Jiménez Jiménez Flor Ángel","hash":96314400,"email":"flor.jimenez@congreso.gob.mx","twitter":"https://goo.gl/cwZGhn","phone":"50-36-00-00 Ext: 66321"},{"name":"Nazar Morales Julián","hash":2146560,"email":"julian.nazar@congreso.gob.mx","twitter":"https://goo.gl/xojeOR","phone":"50-36-00-00 Ext: 66350"},{"name":"Orantes López Hernán De Jesús","hash":9221688,"email":"hernan.orantes@congreso.gob.mx","twitter":"https://goo.gl/SXCjq4","phone":"50-36-00-00 Ext: 66345 y 66360"},{"name":"Orantes López María Elena","hash":7674480,"email":"elena.orantes@congreso.gob.mx","twitter":"https://goo.gl/rcmGKL","phone":"50-36-00-00 Ext: 57173"},{"name":"Ovando Reazola Janette","hash":168103550,"email":"janette.ovando@congreso.gob.mx","twitter":"https://goo.gl/xNshPJ","phone":"50-36-00-00 Ext: 51146. 56-28-13-00 Ext: *103"},{"name":"Palomeque Archila Carlos Alberto","hash":68822542620,"email":"carlos.palomeque@diputadospan.org.mx","twitter":"https://goo.gl/7BFa7I","phone":"50-36-00-00 Ext: 51226. 56-28-13-00 Ext: *126"},{"name":"Salazar Farías Emilio Enrique","hash":378652680,"email":"emilio.salazar@congreso.gob.mx","twitter":"https://goo.gl/gZHw4p","phone":"50-36-00-00 Ext: 59020"},{"name":"Sandoval Martínez María Soledad","hash":26190450,"email":"maria.sandoval@congreso.gob.mx","twitter":"https://goo.gl/YNkJUZ","phone":"50-36-00-00 Ext: 66392"},{"name":"Santiago Rodríguez Guillermo Rafael","hash":769608378,"email":"guillermo.santiago@congreso.gob.mx","twitter":"https://goo.gl/rSrXYO","phone":"50-36-00-00 Ext: 56150"},{"name":"Valera Fuentes Diego Valente","hash":225150024,"email":"diego.valera@congreso.gob.mx","twitter":"https://goo.gl/B3q6RB","phone":"50-36-00-00 Ext: 59093"},{"name":"Zamora Morlet Enrique","hash":2983218,"email":"enrique.zamora@congreso.gob.mx","twitter":"https://goo.gl/hS928C","phone":"50-36-00-00 Ext: 66249"},{"name":"Aragón Castillo Hortensia","hash":8957143,"email":"hortensia.aragon@congreso.gob.mx","twitter":"https://goo.gl/gniV6G","phone":"50-36-00-00 Ext: 56378"},{"name":"Ávila Serna María","hash":221760,"email":"maria.avila@congreso.gob.mx","twitter":"https://goo.gl/Kt32ur","phone":"50-36-00-00 Ext: 59123"},{"name":"Blanco Zaldívar Juan Alberto","hash":1026625512,"email":"juan.blanco@congreso.gob.mx","twitter":"https://goo.gl/AMTDp9","phone":"50-36-00-00 Ext: 51206. 56-28-13-00 Ext: *364"},{"name":"Borunda Espinoza Brenda","hash":65567599,"email":"brenda.borunda@congreso.gob.mx","twitter":"https://goo.gl/sw5H1f","phone":"56-28-13-00 Ext: 4201"},{"name":"Domínguez Domínguez Cesar Alejandro","hash":330928128,"email":"cesar.dominguez@congreso.gob.mx","twitter":"https://goo.gl/vSJ3cp","phone":"56-28-13-00 Ext: 8217"},{"name":"Hermosillo Arteaga Carlos Gerardo","hash":7529340,"email":"carlos.hermosillo@congreso.gob.mx","twitter":"https://goo.gl/8WhWKt","phone":"50-36-00-00 Ext: 58170"},{"name":"Jiménez Márquez Martha Cristina","hash":3751853280,"email":"martha.jimenez@congreso.gob.mx","twitter":"https://goo.gl/92RyVi","phone":"50-36-00-00 Ext: 59193. 56-28-13-00 Ext: *141"},{"name":"Le Baron González Alex","hash":205567560,"email":"alex.lebaron@congreso.gob.mx","twitter":"https://goo.gl/a7BxAI","phone":"56-28-13-00 Ext: 4325"},{"name":"Meléndez Ortega Juan Antonio","hash":870573792,"email":"juan.melendez@congreso.gob.mx","twitter":"https://goo.gl/TWLrXU","phone":"56-28-13-00 Ext: 4342"},{"name":"Mesta Soule Luis Fernando","hash":19863139296,"email":"comunicacion.luismesta@gmail.com","twitter":"https://goo.gl/cktrCe","phone":"50-36-00-00 Ext: 50276. 56-28-13-00 Ext: *109"},{"name":"Terrazas Porras Adriana","hash":2082920,"email":"adriana.terrazas@congreso.gob.mx","twitter":"https://goo.gl/9c7PYM","phone":"56-28-13-00 Ext: 8377"},{"name":"Uriarte Zazueta Fernando","hash":3723720,"email":"fernando.zazueta@congreso.gob.mx","twitter":"https://goo.gl/02QNZU","phone":"56-28-13-00 Ext: 4348"},{"name":"Zapata Lucero Ana Georgina","hash":680218560,"email":"ana.zapata@congreso.gob.mx","twitter":"https://goo.gl/6eliJI","phone":"56-28-13-00 Ext: 1724"},{"name":"Aceves Pastrana Patricia Elena","hash":1114303080,"email":"patricia.aceves@congreso.gob.mx","twitter":"https://goo.gl/ia8sK2","phone":"50-36-00-00 Ext: 56157"},{"name":"Álvarez López Jesús Emiliano","hash":3294144,"email":"jesus.alvarez@congreso.gob.mx","twitter":"https://goo.gl/7e6Zvz","phone":"50-36-00-00 Ext: 56433"},{"name":"Barrera Marmolejo Héctor","hash":31554180,"email":"hector.barrera@congreso.gob.mx","twitter":"https://goo.gl/so4RlL","phone":"50-36-00-00 Ext: 59179. 56-28-13-00 Ext: *332"},{"name":"Barrientos Pantoja Alicia","hash":22425486,"email":"alicia.barrientos@congreso.gob.mx","twitter":"https://goo.gl/C4NYJ1","phone":"50-36-00-00 Ext: 56407"},{"name":"Caballero Pedraza Virgilio Dante","hash":3691899120,"email":"virgilio.caballero@congreso.gob.mx","twitter":"https://goo.gl/p8bHmh","phone":"50-36-00-00 Ext: 67138"},{"name":"Carrera Hernández Ana Leticia","hash":734976000,"email":"ana.carrera@congreso.gob.mx","twitter":"https://goo.gl/K2T8Lc","phone":"50-36-00-00 Ext: 56429. 56-28-13-00 Ext: 1781"},{"name":"Cervera García Rene","hash":19989450,"email":"rene.cervera@congreso.gob.mx","twitter":"https://goo.gl/9cxpoe","phone":"50-36-00-00 Ext: 58205"},{"name":"Chávez García María","hash":732105,"email":"maria.chavez@congreso.gob.mx","twitter":"https://goo.gl/CgJKiQ","phone":"50-36-00-00 Ext: 56198"},{"name":"Contreras Julián Maricela","hash":73313280,"email":"maricela.contreras@congreso.gob.mx","twitter":"https://goo.gl/3aXWO0","phone":"50-36-00-00 Ext: 56325"},{"name":"Cuenca Ayala Sharon María Teresa","hash":16261760093040,"email":"sharon.cuenca@congreso.gob.mx","twitter":"https://goo.gl/a7GVnH","phone":"56-28-13-00 Ext: 5076"},{"name":"Damián González Araceli","hash":3140676,"email":"araceli.damian@congreso.gob.mx","twitter":"https://goo.gl/ZBkSkd","phone":"50-36-00-00 Ext: 56134"},{"name":"Döring Casar Federico","hash":168780,"email":"federico.doring@congreso.gob.mx","twitter":"https://goo.gl/pn3s4d","phone":"50-36-00-00 Ext: 59274. 56-28-13-00 Ext: *108"},{"name":"Esquivel Valdés Laura Beatriz","hash":46751124924,"email":"laura.esquivel@congreso.gob.mx","twitter":"https://goo.gl/3J8KOq","phone":"50-36-00-00 Ext: 56156"},{"name":"Flores Cervantes Hugo Eric","hash":3245073052,"email":"hugo.flores@congreso.gob.mx","twitter":"https://goo.gl/2UgZ5Z","phone":"50-36-00-00 Ext: 56372"},{"name":"Galico Félix Díaz Sara Paola","hash":34387251840,"email":"paola.felixdiaz@congreso.gob.mx","twitter":"https://goo.gl/SdxkNs","phone":"50-36-00-00 Ext: 59029"},{"name":"García Bravo María Cristina Teresa","hash":71280351450,"email":"maria.garcia@congreso.gob.mx","twitter":"https://goo.gl/PGSlVH","phone":"50-36-00-00 Ext: 56130"},{"name":"Gaytán Hernández Cristina Ismene","hash":21417054750,"email":"cristina.gaytan@congreso.gob.mx","twitter":"https://goo.gl/SmmRT6","phone":"50-36-00-00 Ext: 56377"},{"name":"Godoy Ramos Ernestina","hash":2365000,"email":"ernestina.godoy@congreso.gob.mx","twitter":"https://goo.gl/r6AYAs","phone":"50-36-00-00 Ext: 53109"},{"name":"Hernández Colín Norma Xochitl","hash":1706972400,"email":"nhernandez.colin@congreso.gob.mx","twitter":"https://goo.gl/EF1bi9","phone":"50-36-00-00 Ext: 58161"},{"name":"Hernández de la Piedra Ángel Antonio","hash":1699433809920,"email":"angelantonio.hernandez@congreso.gob.mx","twitter":"https://goo.gl/Jt3xjT","phone":"50-36-00-00 Ext: 67129"},{"name":"Hernández León Luis Manuel","hash":193899420,"email":"N/A","twitter":"https://goo.gl/ILMN9g","phone":"50-36-00-00 Ext: 58152"},{"name":"Hernández Mirón Carlos","hash":2518425,"email":"chernandez.miron@congreso.gob.mx","twitter":"https://goo.gl/lwQnGK","phone":"50-36-00-00 Ext: 56266"},{"name":"Hernández Soriano Rafael","hash":1225125,"email":"rafael.hernandez@congreso.gob.mx","twitter":"https://goo.gl/zq12e5","phone":"50-36-00-00 Ext: 56423"},{"name":"Izquierdo Rojas Jesús Gerardo","hash":2082696,"email":"jesus.izquierdo@congreso.gob.mx","twitter":"https://goo.gl/YhOJhJ","phone":"50-36-00-00 Ext: 59093"},{"name":"Limón García Lia","hash":84803310,"email":"lia.limon@congreso.gob.mx","twitter":"https://goo.gl/lJ9GPL","phone":"50-36-00-00 Ext: 67175"},{"name":"Llerenas Morales Vidal","hash":9094800,"email":"vidal.llerenas@congreso.gob.mx","twitter":"https://goo.gl/VjYpRt","phone":"50-36-00-00 Ext: 56199"},{"name":"López López Irma Rebeca","hash":363427725,"email":"irma.lopez@congreso.gob.mx","twitter":"https://goo.gl/YaCl6B","phone":"50-36-00-00 Ext: 56451"},{"name":"Maldonado Venegas Luis","hash":111137664,"email":"lmaldonado.venegas@congreso.gob.mx","twitter":"https://goo.gl/N2Acsj","phone":"50-36-00-00 Ext: 58163 y 58037"},{"name":"Martínez Urincho Alberto","hash":1733706,"email":"amartinez.urincho@congreso.gob.mx","twitter":"https://goo.gl/B7RaAw","phone":"50-36-00-00 Ext: 56420"},{"name":"Molina Arias Renato Josafat","hash":16334118024,"email":"renato.molina@congreso.gob.mx","twitter":"https://goo.gl/Y7ToxC","phone":"50-36-00-00 Ext: 56310"},{"name":"Montiel Reyes Ariadna","hash":30663984,"email":"ariadna.montiel@congreso.gob.mx","twitter":"https://goo.gl/nGQnAh","phone":"50-36-00-00 Ext: 56138"},{"name":"Navarrete Pérez Fernando","hash":24753960,"email":"fernando.navarrete@congreso.gob.mx","twitter":"https://goo.gl/56g99D","phone":"50-36-00-00 Ext: 51109"},{"name":"Ojeda Anguiano Jerónimo Alejandro","hash":1569138522,"email":"jeronimo.ojeda@congreso.gob.mx","twitter":"https://goo.gl/Dz5znC","phone":"56-28-13-00 Ext: 5029"},{"name":"Ordoñez Hernández Daniel","hash":2364390,"email":"daniel.ordonez@congreso.gob.mx","twitter":"https://goo.gl/oy0YdJ","phone":"50-36-00-00 Ext: 56403"},{"name":"Parra Álvarez Evelyn","hash":6251904,"email":"evelyn.parra@congreso.gob.mx","twitter":"https://goo.gl/QFRiL4","phone":"50-36-00-00 Ext: 56430"},{"name":"Pérez Utrera Adán","hash":282579210,"email":"adan.perez@congreso.gob.mx","twitter":"https://goo.gl/uvNI43","phone":"50-36-00-00 Ext: 55050"},{"name":"Quiñones Cornejo María De La Paz","hash":3889785160800,"email":"maria.quinones@congreso.gob.mx","twitter":"https://goo.gl/DrNHKt","phone":"50-36-00-00 Ext: 51108"},{"name":"Romero Castillo María Guadalupe Cecilia","hash":4527245250,"email":"cecilia.romero@congreso.gob.mx","twitter":"https://goo.gl/bHvARd","phone":"50-36-00-00 Ext: 51136. 56-28-13-00 Ext: *104"},{"name":"Romero Tenorio Juan","hash":9156554,"email":"juan.romero@congreso.gob.mx","twitter":"https://goo.gl/qASGXE","phone":"50-36-00-00 Ext: 56454"},{"name":"Rubio Quiroz Juan Fernando","hash":1977566976,"email":"juan.rubio@congreso.gob.mx","twitter":"https://goo.gl/ijgvwl","phone":"50-36-00-00 Ext: 56415"},{"name":"Salinas Lozano Carmen","hash":137829120,"email":"carmen.salinas@congreso.gob.mx","twitter":"https://goo.gl/y7JWiZ","phone":"56-28-13-00 Ext: 3378"},{"name":"Santana Alfaro Arturo","hash":11377800,"email":"arturo.santana@congreso.gob.mx","twitter":"https://goo.gl/45AeqF","phone":"50-36-00-00 Ext: 56410"},{"name":"Soto González Cecilia Guadalupe","hash":40184100,"email":"cecilia.soto@congreso.gob.mx","twitter":"https://goo.gl/EQwUGp","phone":"50-36-00-00 Ext: 56437"},{"name":"Taboada Cortina Santiago","hash":921765160,"email":"santiago.taboada@congreso.gob.mx","twitter":"https://goo.gl/MGah6I","phone":"50-36-00-00 Ext: 59190. 56-28-13-00 Ext: *383"},{"name":"Torreblanca Engell Santiago","hash":944191720,"email":"santiago.torreblanca@congreso.gob.mx","twitter":"https://goo.gl/z6xKJT","phone":"50-36-00-00 Ext: 51242. 56-28-13-00 Ext: *369"},{"name":"Torres Sandoval Melissa","hash":26584500,"email":"melissa.torres@congreso.gob.mx","twitter":"https://goo.gl/4njwDX","phone":"50-36-00-00 Ext: 56271"},{"name":"Triana Tena Jorge","hash":1326816,"email":"jorge.triana@congreso.gob.mx","twitter":"https://goo.gl/apH1gr","phone":"50-36-00-00 Ext: 51250. 56-28-13-00 Ext: *143"},{"name":"Valencia Guzmán Jesús Salvador","hash":1222239480,"email":"jesus.valencia@congreso.gob.mx","twitter":"https://goo.gl/MjbYgC","phone":"50-36-00-00 Ext: 56345"},{"name":"Villanueva Huerta Claudia","hash":8881600,"email":"claudia.villanueva@congreso.gob.mx","twitter":"https://goo.gl/istrBp","phone":"50-36-00-00 Ext: 59030"},{"name":"Zambrano Grijalva José de Jesús","hash":271553310,"email":"jesus.zambrano@congreso.gob.mx","twitter":"https://goo.gl/m5Omx8","phone":"50-36-00-00 Ext: 56414"},{"name":"Abramo Masso Yerico","hash":11696856,"email":"yerico.abramo@congreso.gob.mx","twitter":"https://goo.gl/ikMpK3","phone":"50-36-00-00 Ext: 56048"},{"name":"Boone Godoy Ana María","hash":404888000,"email":"ana.boone@congreso.gob.mx","twitter":"https://goo.gl/o2KjGo","phone":"50-36-00-00 Ext: 54135"},{"name":"Dávila Flores Jorge Enrique","hash":1121809230,"email":"jorge.davila@congreso.gob.mx","twitter":"https://goo.gl/JCc5Ib","phone":"50-36-00-00 Ext: 54259"},{"name":"Flores Sosa Cesar","hash":60388661,"email":"cesar.flores@congreso.gob.mx","twitter":"https://goo.gl/NQuviw","phone":"50-36-00-00 Ext: 51173. 56-28-13-00 Ext: *378"},{"name":"Guerrero García Javier","hash":1062279,"email":"javier.guerrero@congreso.gob.mx","twitter":"https://goo.gl/Du4pDx","phone":"50-36-00-00 Ext: 56071"},{"name":"Luna Canales Armando","hash":9129120,"email":"armando.luna@congreso.gob.mx","twitter":"https://goo.gl/2XCpr4","phone":"50-36-00-00 Ext: 56356"},{"name":"Osuna Carranco Karla Karina","hash":385413837930,"email":"karla.osuna@congreso.gob.mx","twitter":"https://goo.gl/QARjBT","phone":"50-36-00-00 Ext: 51215. 56-28-13-00 Ext: *361"},{"name":"Oyervides Valdez María Guadalupe","hash":17336880,"email":"maria.oyervides@congreso.gob.mx","twitter":"https://goo.gl/EahwnV","phone":"50-36-00-00 Ext: 56067"},{"name":"Rentería Medina Flor Estela","hash":153920208,"email":"flor.renteria@congreso.gob.mx","twitter":"https://goo.gl/6v4rnQ","phone":"56-28-13-00 Ext: 56074"},{"name":"Sandoval Rodríguez José Refugio","hash":7797195,"email":"refugio.sandoval@congreso.gob.mx","twitter":"https://goo.gl/VbSrLN","phone":"50-36-00-00 Ext: 59123."},{"name":"Saracho Navarro Francisco","hash":1714620,"email":"francisco.saracho@congreso.gob.mx","twitter":"https://goo.gl/lolhPE","phone":"50-36-00-00 Ext: 56050."},{"name":"Antero Valle Luis Fernando","hash":20950382376,"email":"luis.antero@congreso.gob.mx","twitter":"https://goo.gl/6O92HF","phone":"50-36-00-00 Ext: 59292"},{"name":"Beltrán Reyes María Luisa","hash":329787920,"email":"maria.beltran@congreso.gob.mx","twitter":"https://goo.gl/KUUpQx","phone":"50-36-00-00 Ext: 56424"},{"name":"Chavarrias Barajas Eloisa","hash":12977640,"email":"eloisa.chavarrias@congreso.gob.mx","twitter":"https://goo.gl/MJ6KfC","phone":"50-36-00-00 Ext: 59292"},{"name":"Culin Jaime Gretel","hash":308355424,"email":"gretel.culin@congreso.gob.mx","twitter":"https://goo.gl/HCg84l","phone":"50-36-00-00 Ext: 59281"},{"name":"Mendoza Amezcua Virgilio","hash":114354730,"email":"virgilio.mendoza@congreso.gob.mx","twitter":"https://goo.gl/fL84By","phone":"50-36-00-00 Ext: 52008"},{"name":"Pinto Torres Francisco Javier","hash":1415579120,"email":"javier.pinto@congreso.gob.mx","twitter":"https://goo.gl/lYZBH3","phone":"50-36-00-00 Ext: 55281"},{"name":"Rojas Orozco Enrique","hash":7449288,"email":"enrique.rojas@congreso.gob.mx","twitter":"https://goo.gl/Wy2Hgq","phone":"50-36-00-00 Ext: 55175"},{"name":"Corona Valdés Lorena","hash":150406480,"email":"lorena.corona@congreso.gob.mx","twitter":"https://goo.gl/50iBVN","phone":"50-36-00-00 Ext: 59064."},{"name":"Del Rivero Martínez Ricardo","hash":243143316,"email":"N/A","twitter":"https://goo.gl/RbWo7n","phone":"50-36-00-00 Ext: 59179. 56-28-13-00 Ext: *332."},{"name":"Gamboa Martínez Alicia Guadalupe","hash":627095898,"email":"alicia.gamboa@congreso.gob.mx","twitter":"https://goo.gl/XYTh9z","phone":"50-36-00-00 Ext: 51118."},{"name":"García Barrón Óscar","hash":5093064,"email":"oscar.garcia@congreso.gob.mx","twitter":"https://goo.gl/w4UVhf","phone":"50-36-00-00 Ext: 59172."},{"name":"García Navarro Otniel","hash":3554700,"email":"otniel.garcia@congreso.gob.mx","twitter":"https://goo.gl/gSnD7U","phone":"50-36-00-00 Ext: 59169."},{"name":"Rebollo Mendoza María Del Rocío","hash":36043771500,"email":"rocio.rebollo@congreso.gob.mx","twitter":"https://goo.gl/JOxeA1","phone":"50-36-00-00 Ext: 51107."},{"name":"Valles Mendoza Luis Alfredo","hash":22193760336,"email":"luis.valles@congreso.gob.mx","twitter":"https://goo.gl/DjcqDb","phone":"50-36-00-00 Ext: 56027."},{"name":"Agundis Estrada María Verónica","hash":2378376000,"email":"maria.agundis@congreso.gob.mx","twitter":"https://goo.gl/Zox47V","phone":"50-36-00-00 Ext: 51247. 56-28-13-00 Ext: *151"},{"name":"Alfaro García Lorena del Carmen","hash":86964489570,"email":"lorena.alfaro@congreso.gob.mx","twitter":"https://goo.gl/LKw6ZS","phone":"50-36-00-00 Ext: 51237. 56-28-13-00 Ext: *377"},{"name":"Arroyo Bello Erika Lorena","hash":18842778360,"email":"erika.arroyo@congreso.gob.mx","twitter":"https://goo.gl/yqKDhM","phone":"50-36-00-00 Ext: 66024"},{"name":"Bermúdez Méndez José Erandi","hash":105050250,"email":"erandi.bermudez@congreso.gob.mx","twitter":"https://goo.gl/f4xLUx","phone":"50-36-00-00 Ext: 59190. 56-28-13-00 Ext: *383"},{"name":"Botello Santibáñez María Bárbara","hash":18703196160,"email":"maria.botello@congreso.gob.mx","twitter":"https://goo.gl/C3g6bc","phone":"50-36-00-00 Ext: 67093"},{"name":"Corona Rodríguez Ariel Enrique","hash":1342202904,"email":"ariel.corona@congreso.gob.mx","twitter":"https://goo.gl/C2hvmR","phone":"50-36-00-00 Ext: 51147. 56-28-13-00 Ext: *380"},{"name":"Elizarraraz Sandoval Adriana","hash":7579524,"email":"adriana.elizarraraz@congreso.gob.mx","twitter":"https://goo.gl/rfVjJw","phone":"50-36-00-00 Ext: 51192. 56-28-13-00 Ext: *376"},{"name":"Enríquez Vanderkam Mayra Angélica","hash":337372288704,"email":"mayra.enriquez@congreso.gob.mx","twitter":"https://goo.gl/bPPiUs","phone":"50-36-00-00 Ext: 51177. 56-28-13-00 Ext: *366"},{"name":"Etcheverry Aranda Azul","hash":1397413914,"email":"maricela.etcheverry@congreso.gob.mx","twitter":"https://goo.gl/uQcPdW","phone":"50-36-00-00 Ext: 67086"},{"name":"Gutiérrez Campos Alejandra","hash":14336640,"email":"alejandra.gutierrez@congreso.gob.mx","twitter":"https://goo.gl/Tpu1g7","phone":"50-36-00-00 Ext: 59089. 56-28-13-00 Ext: *391"},{"name":"Mandujano Tinajero Rene","hash":65450424,"email":"rene.mandujano@congreso.gob.mx","twitter":"https://goo.gl/YUZ6Fc","phone":"50-36-00-00 Ext: 59072. 56-28-13-00 Ext: *138"},{"name":"Mercado Ruiz David","hash":1404000,"email":"david.mercado@congreso.gob.mx","twitter":"https://goo.gl/L7KVjN","phone":"50-36-00-00 Ext: 67091"},{"name":"Padilla Avila Karina","hash":3037176,"email":"karina.padilla@congreso.gob.mx","twitter":"https://goo.gl/UOE48j","phone":"50-36-00-00 Ext: 51230. 56-28-13-00 Ext: *277"},{"name":"Ramírez Nieto Ricardo","hash":10391556,"email":"rramirez.nieto@congreso.gob.mx","twitter":"https://goo.gl/47Bjzh","phone":"50-36-00-00 Ext: 66422"},{"name":"Reynoso Sánchez Alejandra Noemí","hash":2105694000,"email":"alejandra.reynoso@congreso.gob.mx","twitter":"https://goo.gl/V6jcfb","phone":"50-36-00-00 Ext: 59187. 56-28-13-00 Ext: *381"},{"name":"Rocha Aguilar Yulma","hash":15009610,"email":"yulma.rocha@congreso.gob.mx","twitter":"https://goo.gl/r1YaOQ","phone":"50-36-00-00 Ext: 67076, 66239. 56-28-13-00 Ext: 1375"},{"name":"Salim Alle Miguel Ángel","hash":8336713224,"email":"miguel.salim@congreso.gob.mx","twitter":"https://goo.gl/0OPvFD","phone":"50-36-00-00 Ext: 51147. 56-28-13-00 Ext: *380"},{"name":"Sheffield Padilla Francisco Ricardo","hash":500510124,"email":"francisco.sheffield@congreso.gob.mx","twitter":"https://goo.gl/sVrtrW","phone":"50-36-00-00 Ext: 59157. 56-28-13-00 Ext: *389"},{"name":"Villa Ramírez Timoteo","hash":34953996,"email":"timoteo.villa@congreso.gob.mx","twitter":"https://goo.gl/4UGD0R","phone":"50-36-00-00 Ext: 67075"},{"name":"Álvarez Angli Arturo","hash":5104512,"email":"arturo.alvarez@congreso.gob.mx","twitter":"https://goo.gl/SIg7w1","phone":"50-36-00-00 Ext: 59029"},{"name":"Barrientos Ríos Ricardo Ángel","hash":434911680,"email":"ricardo.barrientos@congreso.gob.m","twitter":"https://goo.gl/LV3WU1","phone":"50-36-00-00 Ext: 56331"},{"name":"Fernández Márquez Julieta","hash":37422372,"email":"julieta.fernandez@congreso.gob.mx","twitter":"https://goo.gl/iU2dT4","phone":"50-36-00-00 Ext: 56107"},{"name":"Flores Sonduk Lluvia","hash":691383882,"email":"lluvia.flores@congreso.gob.mx","twitter":"https://goo.gl/rG3wlr","phone":"50-36-00-00 Ext: 56324"},{"name":"González Suástegui Guadalupe","hash":8174034,"email":"guadalupe.gonzalez@congreso.gob.mx","twitter":"https://goo.gl/Hkjzto","phone":"50-36-00-00 Ext: 51206. 56-28-13-00 Ext: *364"},{"name":"Guzmán Jacobo Roberto","hash":50851935,"email":"roberto.guzman@congreso.gob.mx","twitter":"https://goo.gl/iqOUKn","phone":"50-36-00-00 Ext: 56311"},{"name":"Jiménez Rumbo David","hash":55159650,"email":"david.jimenez@congreso.gob.mx","twitter":"https://goo.gl/8Naa2A","phone":"50-36-00-00 Ext: 56305"},{"name":"Majul González Salomón","hash":5293200,"email":"salomon.majul@congreso.gob.mx","twitter":"https://goo.gl/yghvNC","phone":"50-36-00-00 Ext: 56060"},{"name":"Muñoz Parra María Verónica","hash":56133000,"email":"veronica.munoz@congreso.gob.mx","twitter":"https://goo.gl/WIy2Ya","phone":"50-36-00-00 Ext: 56355"},{"name":"Rivera Carbajal Silvia","hash":66923010,"email":"silvia.rivera@congreso.gob.mx","twitter":"https://goo.gl/kmmTKi","phone":"50-36-00-00 Ext: 56044"},{"name":"Taja Ramírez Ricardo","hash":11829552,"email":"ricardo.taja@congreso.gob.mx","twitter":"https://goo.gl/dV9f3S","phone":"50-36-00-00 Ext: 56452"},{"name":"Toledo Ibarra Marbella","hash":8293104,"email":"marbella.toledo@congreso.gob.mx","twitter":"https://goo.gl/1TJmx8","phone":"50-36-00-00 Ext: 53280"},{"name":"Vélez Núñez Beatriz","hash":61167960,"email":"beatriz.velez@congreso.gob.mx","twitter":"https://goo.gl/cmsPT2","phone":"50-36-00-00 Ext: 56124"},{"name":"Wences Real Victoriano","hash":73034214,"email":"victoriano.wences@congreso.gob.mx","twitter":"https://goo.gl/L8vYR0","phone":"50-36-00-00 Ext: 56276"},{"name":"Bejos Nicolás Alfredo","hash":7357770,"email":"alfredo.bejos@congreso.gob.mx","twitter":"https://goo.gl/DSXrxZ","phone":"50-36-00-00 Ext: 54075."},{"name":"Chávez Acosta Rosa Guadalupe","hash":9936749196,"email":"maria.chavez@congreso.gob.mx","twitter":"https://goo.gl/YE3UaD","phone":"50-36-00-00 Ext: 54078."},{"name":"González Murillo Alejandro","hash":2121768,"email":"alejandro.gonzalez@congreso.gob.mx","twitter":"https://goo.gl/pexR3C","phone":"50-36-00-00 Ext: 54261."},{"name":"Hernández Madrid María Gloria","hash":183466800,"email":"gloria.hernandez@congreso.gob.mx","twitter":"https://goo.gl/1uxmOG","phone":"50-36-00-00 Ext: 54079."},{"name":"Márquez Alvarado Cesáreo Jorge","hash":1471853520,"email":"cesareo.marquez@congreso.gob.mx","twitter":"https://goo.gl/UH8Yt2","phone":"50-36-00-00 Ext: 54076."},{"name":"Moctezuma Pereda Fernando Quetzalcóatl","hash":13846901376,"email":"fernando.moctezuma@congreso.gob.mx","twitter":"https://goo.gl/gep07e","phone":"50-36-00-00 Ext: 54053."},{"name":"Noble Monterrubio Pedro Luis","hash":1337944608,"email":"pedro.noble@congreso.gob.mx","twitter":"https://goo.gl/SBOrhr","phone":"50-36-00-00 Ext: 54074."},{"name":"Oropeza Olguin Nora Liliana","hash":1447472708000,"email":"nora.oropeza@congreso.gob.mx","twitter":"https://goo.gl/nA71bc","phone":"50-36-00-00 Ext: 54057."},{"name":"Perea Santos Ana Guadalupe","hash":1736064000,"email":"ana.perea@congreso.gob.mx","twitter":"https://goo.gl/odJbkc","phone":"50-36-00-00 Ext: 53009."},{"name":"Rodríguez Hernández Erika Araceli","hash":322203420,"email":"erika.rodriguez@congreso.gob.mx","twitter":"https://goo.gl/F8LtJh","phone":"50-36-00-00 Ext: 54047."},{"name":"Vargas Bárcena Marisol","hash":58354450,"email":"marisol.vargas@congreso.gob.mx","twitter":"https://goo.gl/r4C065","phone":"50-36-00-00 Ext: 59273. 56-28-13-00 Ext: *127."},{"name":"Viggiano Austria Alma Carolina","hash":33712999320,"email":"alma.viggiano@congreso.gob.mx","twitter":"https://goo.gl/WkYBqF","phone":"50-36-00-00 Ext: 54073."},{"name":"Álvarez Maynez Jorge","hash":1821312,"email":"jorge.alvarez@congreso.gob.mx","twitter":"https://goo.gl/sUoY3z","phone":"50-36-00-00 Ext: 53245"},{"name":"Arámbula Meléndez Mariana","hash":52567053,"email":"mariana.arambula@congreso.gob.mx","twitter":"https://goo.gl/R5Bmck","phone":"50-36-00-00 Ext: 59157"},{"name":"Bañales Arambula Ramón","hash":166374450,"email":"ramon.banales@congreso.gob.mx","twitter":"https://goo.gl/pN9x8b","phone":"50-36-00-00 Ext: 55143"},{"name":"Cárdenas Mariscal María Antonia","hash":71180868000,"email":"maria.cardenas@congreso.gob.mx","twitter":"https://goo.gl/hZ4hqo","phone":"50-36-00-00 Ext: 56132"},{"name":"Castañeda Hoeflich José Clemente","hash":4127739200,"email":"clemente.castaneda@congreso.gob.mx","twitter":"https://goo.gl/Cn3sxA","phone":"50-36-00-00 Ext: 56207. 56-28-13-00 Ext: 1886"},{"name":"Cortés Berumen José Hernán","hash":265033650,"email":"jose.cortes@congreso.gob.mx","twitter":"https://goo.gl/o9zUs8","phone":"50-36-00-00 Ext: 59156. 56-28-13-00 Ext: *146"},{"name":"Covarrubias Anaya Martha Lorena","hash":29216869440,"email":"martha.covarrubias@congreso.gob.mx","twitter":"https://goo.gl/5CJxEs","phone":"50-36-00-00 Ext: 55125"},{"name":"Delgadillo García Verónica","hash":8532300,"email":"veronica.delgadillo@congreso.gob.mx","twitter":"https://goo.gl/NVd1fP","phone":"50-36-00-00 Ext: 53068. 56-28-13-00 Ext: 8334"},{"name":"Flores Carranza Evelyng Soraya","hash":50752935090,"email":"soraya.flores@congreso.gob.mx","twitter":"https://goo.gl/spc0Rk","phone":"50-36-00-00 Ext: 59061"},{"name":"Flores Gómez Mirza","hash":1765674,"email":"mirza.flores@congreso.gob.mx","twitter":"https://goo.gl/mQdbWM","phone":"50-36-00-00 Ext: 58106"},{"name":"Gaeta Esparza Hugo Daniel","hash":17803028880,"email":"hugo.gaeta@congreso.gob.mx","twitter":"https://goo.gl/0URwMv","phone":"50-36-00-00 Ext: 55107"},{"name":"Guzmán Vázquez Laura Valeria","hash":16631212320,"email":"valeria.guzman@congreso.gob.mx","twitter":"https://goo.gl/NCQuiM","phone":"50-36-00-00 Ext: 55123"},{"name":"Iñiguez Mejía Elías Octavio","hash":26920711818,"email":"elias.iniguez@congreso.gob.mx","twitter":"https://goo.gl/vaPg1A","phone":"0-36-00-00 Ext: 51179. 56-28-13-00 Ext: *296"},{"name":"Lomelí Bolaños Carlos","hash":139655880,"email":"carlos.lomeli@congreso.gob.mx","twitter":"https://goo.gl/eT0nvm","phone":"50-36-00-00 Ext: 58004"},{"name":"Martínez García Jonadab","hash":960687,"email":"jonadab.martinez@congreso.gob.mx","twitter":"https://goo.gl/9Xq6S2","phone":"50-36-00-00 Ext: 53264"},{"name":"Martínez Guzmán Norma Edith","hash":4349861100,"email":"edith.martinez@congreso.gob.mx","twitter":"https://goo.gl/dwSgGy","phone":"50-36-00-00 Ext: 56140"},{"name":"Mercado Sánchez Ma. Victoria","hash":1650064500,"email":"victoria.mercado@congreso.gob.mx","twitter":"https://goo.gl/ZaEMnD","phone":"50-36-00-00 Ext: 66034"},{"name":"Munguía González Luis Ernesto","hash":163088640,"email":"luis.munguia@congreso.gob.mx","twitter":"https://goo.gl/dckQEZ","phone":"50-36-00-00 Ext: 56203"},{"name":"Ochoa Avalos María Candelaria","hash":5857277250,"email":"maria.ochoa@congreso.gob.mx","twitter":"https://goo.gl/ftsZsG","phone":"50-36-00-00 Ext: 52274"},{"name":"Orozco Sánchez Aldana José Luis","hash":4451198400,"email":"jose.orozco@congreso.gob.mx","twitter":"https://goo.gl/7XHHDv","phone":"50-36-00-00 Ext: 55130"},{"name":"Plascencia Pacheco Laura Nereida","hash":5868287460,"email":"laura.plascencia@congreso.gob.mx","twitter":"https://goo.gl/ftYFrE","phone":"50-36-00-00 Ext: 55138"},{"name":"Ralis Cumplido Germán Ernesto","hash":10045395360,"email":"german.ralis@congreso.gob.mx","twitter":"https://goo.gl/4l9R1r","phone":"50-36-00-00 Ext: 53272"},{"name":"Ramírez Nachis Rosa Alba","hash":28836429048,"email":"alba.ramirez@congreso.gob.mx","twitter":"https://goo.gl/2R01ly","phone":"50-36-00-00 Ext: 58083"},{"name":"Sánchez Orozco Víctor Manuel","hash":77479416,"email":"victormanuel.sanchez@congreso.gob.mx","twitter":"https://goo.gl/H0ENrf","phone":"50-36-00-00 Ext: 53262"},{"name":"Santillán Oceguera Francisco Javier","hash":2271884538,"email":"francisco.santillan@congreso.gob.mx","twitter":"https://goo.gl/KzSC20","phone":"50-36-00-00 Ext: 55102"},{"name":"Scherman Leaño María Esther de Jesús","hash":3281218340400,"email":"maria.scherman@congreso.gob.mx","twitter":"https://goo.gl/AmEXmU","phone":"50360220 Ext 55135"},{"name":"Sesma Suárez Jesús","hash":7491330,"email":"jesus.sesma@congreso.gob.mx","twitter":"https://goo.gl/YpO3CF","phone":"50-36-00-00 Ext: 59091 y 59121"},{"name":"Tamez Guajardo Macedonio Salomón","hash":45916308000,"email":"macedonio.tamez@congreso.gob.mx","twitter":"https://goo.gl/Idw1YJ","phone":"50-36-00-00 Ext: 55114"},{"name":"Yerena Zambrano Rafael","hash":102696858,"email":"rafael.yerena@congreso.gob.mx","twitter":"https://goo.gl/bG8yDk","phone":"50-36-00-00 Ext: 55116"},{"name":"Zamora Zamora Salvador","hash":10700632,"email":"salvador.zamora@congreso.gob.mx","twitter":"https://goo.gl/KECAOu","phone":"50-36-00-00 Ext: 58107"},{"name":"Zúñiga Mendoza J. Jesús","hash":638637804,"email":"jjesus.zuniga@congreso.gob.mx","twitter":"https://goo.gl/0lkgCn","phone":"50-36-00-00 Ext: 55169"},{"name":"Aguirre Romero Andrés","hash":32392328,"email":"andres.aguirre@congreso.gob.mx","twitter":"https://goo.gl/ETLGt9","phone":"50-36-00-00 Ext: 56179"},{"name":"Alcántara Rojas María Guadalupe","hash":1904301630,"email":"mariaguadalupe.alcantara@congreso.gob.mx","twitter":"https://goo.gl/d5S2k7","phone":"50-36-00-00 Ext: 66426"},{"name":"Almanza Monroy Fidel","hash":142236126,"email":"fidel.almanza@congreso.gob.mx","twitter":"https://goo.gl/Xv5196","phone":"50-36-00-00 Ext: 66368"},{"name":"Álvarez Ortiz Héctor Javier","hash":655512480,"email":"hector.alvarez@congreso.gob.mx","twitter":"https://goo.gl/6LwJCf","phone":"50-36-00-00 Ext: 66382"},{"name":"Barrientos Cano Laura Mitzi","hash":17342103240,"email":"laura.barrientos@congreso.gob.mx","twitter":"https://goo.gl/5FBjDM","phone":"50-36-00-00 Ext: 56165"},{"name":"Basáñez García Pablo","hash":4084488,"email":"pablo.basanez@congreso.gob.mx","twitter":"https://goo.gl/eHDaQY","phone":"50-36-00-00 Ext: 56189"},{"name":"Bedolla López Pablo","hash":1473108,"email":"pablo.bedolla@congreso.gob.mx","twitter":"https://goo.gl/G9cD7G","phone":"50-36-00-00 Ext: 66381"},{"name":"Bello Otero Carlos","hash":64270440,"email":"carlos.bello@congreso.gob.mx","twitter":"https://goo.gl/2NjnzM","phone":"50-36-00-00 Ext: 51237. 56-28-13-00 Ext: *377"},{"name":"Bernal Casique Iveth","hash":245313750,"email":"iveth.bernal@congreso.gob.mx","twitter":"https://goo.gl/oSuxup","phone":"50-36-00-00 Ext: 66305"},{"name":"Camacho Quiroz César Octavio","hash":49512594222,"email":"cesar.camacho@congreso.gob.mx","twitter":"https://goo.gl/ncTrSl","phone":"56-28-13-00 Ext: 7134"},{"name":"Canales Najjar Tristán Manuel","hash":102939700500,"email":"tristan.canales@congreso.gob.mx","twitter":"https://goo.gl/0zQ1Yn","phone":"56-28-13-00 Ext: 8344"},{"name":"Casillas Zanatta Gabriel","hash":77878983,"email":"gabriel.casillas@congreso.gob.mx","twitter":"https://goo.gl/gSePSK","phone":"50-36-00-00 Ext: 66416"},{"name":"Castelán Mondragón María Elida","hash":132428565500,"email":"maria.castelan@congreso.gob.mx","twitter":"https://goo.gl/jYaur8","phone":"50-36-00-00 Ext: 56365"},{"name":"Castillo Martínez Edgar","hash":481689,"email":"edgar.castillo@congreso.gob.mx","twitter":"https://goo.gl/iB49o1","phone":"50-36-00-00 Ext: 56186"},{"name":"Cortés Lugo Román Francisco","hash":5932617180,"email":"roman.cortes@congreso.gob.mx","twitter":"https://goo.gl/bO7iPy","phone":"50-36-00-00 Ext: 59171. 56-28-13-00 Ext: *385"},{"name":"Del Mazo Maza Alfredo","hash":8808348516,"email":"delmazo@congreso.gob.mx","twitter":"https://goo.gl/uJGPtZ","phone":"50360209 Ext. 59137"},{"name":"Díaz Montoya Rocío","hash":28800,"email":"rocio.diaz@congreso.gob.mx","twitter":"https://goo.gl/WquSgc","phone":"50-36-00-00 Ext: 66407"},{"name":"Domínguez Rex Raúl","hash":53831040,"email":"raul.dominguez@congreso.gob.mx","twitter":"https://goo.gl/wY0O2Y","phone":"50-36-00-00 Ext: 66414"},{"name":"Espino Barrientos Manuel de Jesús","hash":2078515404,"email":"manuel.espino@congreso.gob.mx","twitter":"https://goo.gl/15oJl9","phone":"50-36-00-00 Ext: 55052"},{"name":"Esquivel Hernández Olga María","hash":803800800,"email":"olga.esquivel@congreso.gob.mx","twitter":"https://goo.gl/rdkb1q","phone":"50-36-00-00 Ext: 56177"},{"name":"Falcón Venegas Sandra Luz","hash":18140800500,"email":"sandra.falcon@congreso.gob.mx","twitter":"https://goo.gl/yFAw24","phone":"50-36-00-00 Ext: 67136"},{"name":"García Calderón David Gerson","hash":4140023940,"email":"david.garcia@congreso.gob.mx","twitter":"https://goo.gl/RE1xAU","phone":"50-36-00-00 Ext: 56441"},{"name":"García Carreón Telésforo","hash":17843472,"email":"telesforo.garcia@congreso.gob.mx","twitter":"https://goo.gl/owQsGE","phone":"50-36-00-00 Ext: 66320"},{"name":"Gaxiola Lezama Jorgina","hash":2493324660,"email":"jorgina.gaxiola@congreso.gob.mx","twitter":"https://goo.gl/BiSNzv","phone":"50-36-00-00 Ext: 59111"},{"name":"Gómez Álvarez Delfina","hash":531360,"email":"delfina.gomez@congreso.gob.mx","twitter":"https://goo.gl/Wosx5P","phone":"50-36-00-00 Ext: 56161"},{"name":"González Calderón Martha Hilda","hash":2016613368,"email":"martha.gonzalez@congreso.gob.mx","twitter":"https://goo.gl/CJDcPH","phone":"50-36-00-00 Ext: 56185"},{"name":"González Salas y Petricioli Ma. Marcela","hash":144804039811200,"email":"marcela.gonzalezsalas@congreso.gob.mx","twitter":"https://goo.gl/6D0cIw","phone":"50-36-00-00 Ext: 52282"},{"name":"Gutiérrez Ramírez Virginia Nallely","hash":18229639680,"email":"virginia.gutierrez@congreso.gob.mx","twitter":"https://goo.gl/2qDMyZ","phone":"56-28-13-00 Ext: 3358"},{"name":"Hauffen Torres Angie Dennisse","hash":1181139850800,"email":"angie.hauffen@congreso.gob.mx","twitter":"https://goo.gl/rkpoen","phone":"50-36-00-00 Ext: 56205"},{"name":"Hernández Ramos Minerva","hash":2615580,"email":"minerva.hernandez@congreso.gob.mx","twitter":"https://goo.gl/aaOExK","phone":"50-36-00-00 Ext: 51246. 56-28-13-00 Ext: *439"},{"name":"Hurtado Arana Karen","hash":2143109388,"email":"karen.hurtado@congreso.gob.mx","twitter":"https://goo.gl/xXZw0R","phone":"50-36-00-00 Ext: 56237"},{"name":"Iriarte Mercado Carlos","hash":7768800,"email":"carlos.iriarte@congreso.gob.mx","twitter":"https://goo.gl/s9dqpR","phone":"50-36-00-00 Ext: 66191"},{"name":"Juárez Rodríguez Mario Ariel","hash":936398862,"email":"mario.juarez@congreso.gob.mx","twitter":"https://goo.gl/ZUDsP4","phone":"50-36-00-00 Ext: 56466."},{"name":"Juraidini Villaseñor Alejandro","hash":16167154,"email":"alejandro.juraidini@congreso.gob.mx","twitter":"https://goo.gl/rhw0rj","phone":"50-36-00-00 Ext: 67090."},{"name":"Leyva García Leydi Fabiola","hash":11633024520,"email":"leydi.leyva@congreso.gob.mx","twitter":"https://goo.gl/7DGddE","phone":"56-28-13-00 Ext: 8287."},{"name":"Luna Munguía Alma Lilia","hash":17691532320,"email":"alma.luna@congreso.gob.mx","twitter":"https://goo.gl/0pdVad","phone":"50-36-00-00 Ext: 51286"},{"name":"Marrón Agustín Luis Gilberto","hash":26022055752,"email":"luis.marron@congreso.gob.mx","twitter":"https://goo.gl/IqylzC","phone":"50-36-00-00 Ext: 59255. 56-28-13-00 Ext: *144."},{"name":"Maya Pineda María Isabel","hash":11238473400,"email":"maria.maya@congreso.gob.mx","twitter":"https://goo.gl/FwAzO6","phone":"50-36-00-00 Ext: 66408."},{"name":"Méndez Hernández Sandra","hash":8372025,"email":"sandra.mendez@congreso.gob.mx","twitter":"https://goo.gl/bkJjhK","phone":"56-28-13-00 Ext: 3357."},{"name":"Mondragón Orozco María Angélica","hash":9775180800,"email":"maria.mondragon@congreso.gob.mx","twitter":"https://goo.gl/1s0OjB","phone":"56-28-13-00 Ext: 3343."},{"name":"Monroy Del Mazo Carolina","hash":7660165524,"email":"carolina.monroy@congreso.gob.mx","twitter":"https://goo.gl/3vo9g3","phone":"56-28-13-00 Ext: 4228."},{"name":"Moya Marín Angélica","hash":192099456,"email":"angelica.moya@congreso.gob.mx","twitter":"https://goo.gl/d6kSgc","phone":"50-36-00-00 Ext: 51242. 56-28-13-00 Ext: *369"},{"name":"Octaviano Félix Tómas","hash":440546976,"email":"tomas.octaviano@congreso.gob.mx","twitter":"https://goo.gl/yRo9R9","phone":"50-36-00-00 Ext: 56353."},{"name":"Ortega Álvarez Omar","hash":11175552,"email":"omar.ortega@congreso.gob.mx","twitter":"https://goo.gl/wG8clM","phone":"50-36-00-00 Ext: 56338."},{"name":"Osorno Belmont Susana","hash":5756700,"email":"susana.osorno@congreso.gob.mx","twitter":"https://goo.gl/0RJbv0","phone":"50-36-00-00 Ext: 66079."},{"name":"Pichardo Lechuga José Ignacio","hash":243004300,"email":"ignacio.pichardo@congreso.gob.mx","twitter":"https://goo.gl/gmvyRI","phone":"50-36-00-00 Ext: 66413."},{"name":"Ramírez Núñez Ulises","hash":73859688,"email":"ulises.ramirez@congreso.gob.mx","twitter":"https://goo.gl/RXTG5B","phone":"50-36-00-00 Ext: 51195. 56-28-13-00 Ext: *106."},{"name":"Real Salinas Dora Elena","hash":1718637440,"email":"dora.real@congreso.gob.mx","twitter":"https://goo.gl/D8ZwOA","phone":"50-36-00-00 Ext: 52233."},{"name":"Rojas San Román Francisco Lauro","hash":1434088439784,"email":"francisco.rojas@congreso.gob.mx","twitter":"https://goo.gl/dZUJ9Y","phone":"50-36-00-00 Ext: 56184."},{"name":"Salazar Muciño Pedro Alberto","hash":1807696800,"email":"pedro.salazar@congreso.gob.mx","twitter":"https://goo.gl/Ewuksh","phone":"50-36-00-00 Ext: 66387"},{"name":"Sánchez Coronel Cristina","hash":9068643,"email":"cristina.sanchez@congreso.gob.mx","twitter":"https://goo.gl/FFMus9","phone":"50-36-00-00 Ext: 66338."},{"name":"Sánchez Isidoro David","hash":12604410,"email":"dsanchez.isidoro@congreso.gob.mx","twitter":"https://goo.gl/jrEoah","phone":"56-28-13-00 Ext: 8341."},{"name":"Sánchez Juárez Claudia","hash":1059744,"email":"claudia.sanchez@congreso.gob.mx","twitter":"https://goo.gl/VCnZ3d","phone":"50-36-00-00 Ext: 59187. 56-28-13-00 Ext: *381"},{"name":"Santiago López José","hash":56905,"email":"jose.santiago@congreso.gob.mx","twitter":"https://goo.gl/9eSV9X","phone":"50-36-00-00 Ext: 56154."},{"name":"Schemelensky Castro Ingrid Krasopani","hash":12981104136,"email":"ingrid.schemelensky@congreso.gob.mx","twitter":"https://goo.gl/kxBqkA","phone":"50-36-00-00 Ext: 59197. 56-28-13-00 Ext: *125"},{"name":"Serrano Hernández Maricela","hash":13886100,"email":"maricela.serrano@congreso.gob.mx","twitter":"https://goo.gl/DfPVKc","phone":"56-28-13-00 Ext: 8355."},{"name":"Serrano Lora Jesús","hash":5304796,"email":"jserrano.lora@congreso.gob.mx","twitter":"https://goo.gl/LuDAkO","phone":"50-36-00-00 Ext: 67106."},{"name":"Sobreyra Santos María Monserrath","hash":609844400,"email":"maria.sobreyra@congreso.gob.mx","twitter":"https://goo.gl/06OcGC","phone":"56-28-13-00 Ext: 8255."},{"name":"Soto Espino Armando","hash":10728224,"email":"armando.soto@congreso.gob.mx","twitter":"https://goo.gl/RmwKwX","phone":"56-28-13-00 Ext: 3417. 50-36-00-00 Ext: 56272"},{"name":"Torres Huitrón José Alfredo","hash":624141790,"email":"jose.torresh@congreso.gob.mx","twitter":"https://goo.gl/Qi7H4u","phone":"50-36-00-00 Ext: 66385."},{"name":"Vázquez Guerrero Luis Felipe","hash":12823435944,"email":"luis.vazquez@congreso.gob.mx","twitter":"https://goo.gl/u2e3iL","phone":"50-36-00-00 Ext: 66402."},{"name":"Villa González Concepción","hash":4528062,"email":"concepcion.villa@congreso.gob.mx","twitter":"https://goo.gl/8yAUPX","phone":"50-36-00-00 Ext: 66106."},{"name":"Aguirre Chávez Marco Polo","hash":19599922368,"email":"marco.aguirre@congreso.gob.mx","twitter":"https://goo.gl/Tv7tmq","phone":"50-36-00-00 Ext: 67255"},{"name":"Alanís Pedraza Ángel II","hash":4460006208,"email":"angel.alanis@congreso.gob.mx","twitter":"https://goo.gl/uCzeeD","phone":"50-36-00-00 Ext: 56307"},{"name":"Álvarez Piñones Rosa Alicia","hash":8247210624,"email":"rosa.alvarez@congreso.gob.mx","twitter":"https://goo.gl/SyKXfY","phone":"50-36-00-00 Ext: 59061"},{"name":"Anaya Orozco Alfredo","hash":54934352,"email":"aanaya.orozco@congreso.gob.mx","twitter":"https://goo.gl/0WmVRb","phone":"50-36-00-00 Ext: 67256"},{"name":"Bernardino Vargas Omar Noé","hash":21637825440,"email":"omar.bernardino@congreso.gob.mx","twitter":"https://goo.gl/XMon0Z","phone":"50-36-00-00 Ext: 59101"},{"name":"Calderón Torreblanca Fidel","hash":221656845,"email":"fidel.calderon@congreso.gob.mx","twitter":"https://goo.gl/OL0W30","phone":"50-36-00-00 Ext: 56352"},{"name":"Cortés Mendoza Marko Antonio","hash":39268176640,"email":"marko.cortes@congreso.gob.mx","twitter":"https://goo.gl/12fCuA","phone":"56-28-13-00 Ext: 1341 y *100"},{"name":"De Los Santos Torres Daniela","hash":48197669760,"email":"daniela.delossantos@congreso.gob.mx","twitter":"https://goo.gl/vNgx4e","phone":"50-36-00-00 Ext: 59092"},{"name":"Hernández Alcalá J. Guadalupe","hash":3030460290,"email":"jguadalupe.hernandez@congreso.gob.mx","twitter":"https://goo.gl/nVmWGu","phone":"50-36-00-00 Ext: 56427"},{"name":"Ixtlahuac Orihuela Juan Antonio","hash":11019420544,"email":"juan.ixtlahuac@congreso.gob.mx","twitter":"https://goo.gl/lW9t4u","phone":"50-36-00-00 Ext: 5916"},{"name":"Juárez Blanquet Erik","hash":70675496,"email":"erik.juarez@congreso.gob.mx","twitter":"https://goo.gl/cvIBpi","phone":"50-36-00-00 Ext: 56392"},{"name":"Martínez Soto Norberto Antonio","hash":360222720,"email":"norberto.martinez@congreso.gob.mx","twitter":"https://goo.gl/VSpHLf","phone":"50-36-00-00 Ext: 56381"},{"name":"Reyes Ávila Angélica","hash":4340736,"email":"angelica.reyes@congreso.gob.mx","twitter":"https://goo.gl/RILA4Z","phone":"50-36-00-00 Ext: 58120"},{"name":"Rosales Reyes Salomón Fernando","hash":12030972800,"email":"salomon.rosales@congreso.gob.mx","twitter":"https://goo.gl/4lL3AP","phone":"50-36-00-00 Ext: 59083"},{"name":"Salas Valencia José Antonio","hash":1974720,"email":"jose.salas@congreso.gob.mx","twitter":"https://goo.gl/2OlBOk","phone":"50-36-00-00 Ext: 59255. 56-28-13-00 Ext: *139"},{"name":"Saucedo Reyes Araceli","hash":67214840,"email":"araceli.saucedo@congreso.gob.mx","twitter":"https://goo.gl/gUEM1r","phone":"50-36-00-00 Ext: 67183"},{"name":"Silva Tejeda Víctor Manuel","hash":1296807624,"email":"victor.silva@congreso.gob.mx","twitter":"https://goo.gl/PWLqmE","phone":"50-36-00-00 Ext: 59090"},{"name":"Valdés Ramírez María Concepción","hash":5734755180,"email":"maria.valdes@congreso.gob.mx","twitter":"https://goo.gl/tdWtkl","phone":"50-36-00-00 Ext: 56301"},{"name":"Alemán Olvera Emma Margarita","hash":48639297408,"email":"emma.aleman@congreso.gob.mx","twitter":"https://goo.gl/z7HcdS","phone":"50-36-00-00 Ext: 59072. 56-28-13-00 Ext: *138"},{"name":"Bolaños Aguilar Edmundo Javier","hash":2515428230,"email":"edmundo.bolanos@congreso.gob.mx","twitter":"https://goo.gl/obIsTM","phone":"56-28-13-00 Ext: 8271."},{"name":"Cuata Domínguez Blanca Margarita","hash":7998432000,"email":"blanca.cuata@congreso.gob.mx","twitter":"https://goo.gl/Mz6blq","phone":"50-36-00-00 Ext: 67133."},{"name":"García Chávez Héctor Javier","hash":222227145,"email":"hgarcia.chavez@congreso.gob.mx","twitter":"https://goo.gl/0wb4g5","phone":"50-36-00-00 Ext: 56314."},{"name":"García Yáñez Ángel","hash":2964528,"email":"agarcia.yanez@congreso.gob.mx","twitter":"https://goo.gl/Hlhk2c","phone":"50-36-00-00 Ext: 56022."},{"name":"Mazari Espín Rosalina","hash":296740296,"email":"rosalina.mazari@congreso.gob.mx","twitter":"https://goo.gl/SD3rvi","phone":"56-28-13-00 Ext: 5020."},{"name":"Meza Guzmán Lucia Virginia","hash":11765932200,"email":"lucia.meza@congreso.gob.mx","twitter":"https://goo.gl/HC8uBS","phone":"56-28-13-00 Ext: 3739. 50-36-00-00 Ext: 56398"},{"name":"Nazario Morales Matias","hash":244888280,"email":"matias.nazario@congreso.gob.mx","twitter":"https://goo.gl/GtCXVU","phone":"56-28-13-00 Ext: 66344."},{"name":"Ocampo Bedolla María Eugenia","hash":6252155910,"email":"maria.ocampo@congreso.gob.mx","twitter":"https://goo.gl/iRcQB7","phone":"50-36-00-00 Ext: 53082."},{"name":"Vallejo Barragán Manuel","hash":218992680,"email":"manuel.vallejo@congreso.gob.mx","twitter":"https://goo.gl/LfxNmL","phone":"50-36-00-00 Ext: 51038."},{"name":"Acosta Naranjo Guadalupe","hash":89529660,"email":"guadalupe.acosta@congreso.gob.mx","twitter":"https://goo.gl/u0xXII","phone":"56-28-13-00 Ext: 8317"},{"name":"Arellano Núñez Efrain","hash":146095488,"email":"efrain.arellano@congreso.gob.mx","twitter":"https://goo.gl/UT5y5A","phone":"50-36-00-00 Ext: 67085"},{"name":"Bugarín Rodríguez Jasmine María","hash":1595154330,"email":"jasmine.bugarin@congreso.gob.mx","twitter":"https://goo.gl/lOaUCA","phone":"50-36-00-00 Ext: 67083"},{"name":"Cristóbal Serrato Fidel","hash":257116626,"email":"N/A","twitter":"https://goo.gl/0MWCnF","phone":"50-36-00-00 Ext: 67167"},{"name":"Guerra Mota Moisés","hash":201649464,"email":"moises.guerra@congreso.gob.mx","twitter":"https://goo.gl/on6ncT","phone":"50-36-00-00 Ext: 58169"},{"name":"Valenzuela Armas Rafael","hash":31323996,"email":"rafael.valenzuela@congreso.gob.mx","twitter":"https://goo.gl/4j7khy","phone":"50-36-00-00 Ext: 59159. 56-28-13-00 Ext: *394"},{"name":"Arguijo Herrera Tania Victoria","hash":253517685288,"email":"tania.arguijo@congreso.gob.mx","twitter":"https://goo.gl/LW6xK5","phone":"50-36-00-00 Ext: 56300"},{"name":"Basave Benítez Agustín Francisco de Asís","hash":72383910766200,"email":"agustin.basave@congreso.gob.mx","twitter":"https://goo.gl/VQat1u","phone":"50-36-00-00 Ext: 56304"},{"name":"Canavati Tafich Jesús Ricardo","hash":899644284,"email":"jesus.canavati@congreso.gob.mx","twitter":"https://goo.gl/cNvNTP","phone":"50-36-00-00 Ext: 59139"},{"name":"Cavazos Balderas Juan Manuel","hash":21637981152,"email":"juan.cavazos@congreso.gob.mx","twitter":"https://goo.gl/DjnTnQ","phone":"50-36-00-00 Ext: 59037"},{"name":"Cavazos Cavazos Juana Aurora","hash":121294873344,"email":"juana.cavazos@congreso.gob.mx","twitter":"https://goo.gl/Jed29w","phone":"50-36-00-00 Ext: 59018"},{"name":"De La Fuente Flores Carlos Alberto","hash":20734990286400,"email":"carlos.delafuente@congreso.gob.mx","twitter":"https://goo.gl/8IeecK","phone":"50-36-00-00 Ext: 59281. 56-28-13-00 Ext: *111"},{"name":"Elizondo García Pablo","hash":1470126,"email":"pablo.elizondo@congreso.gob.mx","twitter":"https://goo.gl/96w8hj","phone":"50-36-00-00 Ext: 66022"},{"name":"Fernández González Waldo","hash":8131695,"email":"waldo.fernandez@congreso.gob.mx","twitter":"https://goo.gl/0lK01j","phone":"50-36-00-00 Ext: 56443"},{"name":"Garza Treviño Pedro","hash":7682688,"email":"pgarza.trevino@congreso.gob.mx","twitter":"https://goo.gl/OxJnPy","phone":"50-36-00-00 Ext: 51179. 56-28-13-00 Ext: *296"},{"name":"González Navarro José Adrián","hash":13394700,"email":"adrian.gonzalez@congreso.gob.mx","twitter":"https://goo.gl/ZvOsBi","phone":"50-36-00-00 Ext: 59190. 56-28-13-00 Ext: *383"},{"name":"Ibarra Hinojosa Álvaro","hash":61494153,"email":"alvaro.ibarra@congreso.gob.mx","twitter":"https://goo.gl/CIkz9d","phone":"50-36-00-00 Ext: 59008"},{"name":"Martínez Montemayor Baltazar","hash":44692830,"email":"baltazar.martinez@congreso.gob.mx","twitter":"https://goo.gl/pwVll6","phone":"50-36-00-00 Ext: 51177. 56-28-13-00 Ext: *366"},{"name":"Montoya Díaz Tomás Roberto","hash":29844480,"email":"tomas.montoya@congreso.gob.mx","twitter":"https://goo.gl/7EJfR5","phone":"50-36-00-00 Ext: 53274"},{"name":"Rodríguez Dávila Alfredo Javier","hash":1628664030,"email":"alfredo.rodriguez@congreso.gob.mx","twitter":"https://goo.gl/eAF8Jl","phone":"50-36-00-00 Ext: 51140. 56-28-13-00 Ext: *386"},{"name":"Romo García Edgar","hash":4655790,"email":"edgar.romo@congreso.gob.mx","twitter":"https://goo.gl/K8ATCx","phone":"50-36-00-00 Ext: 56409"},{"name":"Ruíz García Juan Carlos","hash":187363800,"email":"juan.ruiz@congreso.gob.mx","twitter":"https://goo.gl/GvGylS","phone":"50-36-00-00 Ext: 51206. 56-28-13-00 Ext: *364"},{"name":"Saldívar Paz Mirna Isabel","hash":16248033480,"email":"N/A","twitter":"https://goo.gl/Tz2co2","phone":"50-36-00-00 Ext: 58114"},{"name":"Tamariz García Ximena","hash":23686542,"email":"ximena.tamariz@congreso.gob.mx","twitter":"https://goo.gl/f45Psg","phone":"50-36-00-00 Ext: 59292. 56-28-13-00 Ext: *113"},{"name":"Torres Cantú Daniel","hash":62556921,"email":"dtorres.cantu@congreso.gob.mx","twitter":"https://goo.gl/aQ3HA6","phone":"50-36-00-00 Ext: 59040"},{"name":"Vargas Rodríguez Federico Eugenio","hash":6849612,"email":"federico.vargas@congreso.gob.mx","twitter":"https://goo.gl/AoIKSu","phone":"50-36-00-00 Ext: 59011"},{"name":"Velázquez Valdez Brenda","hash":3379040,"email":"brenda.velazquez@congreso.gob.mx","twitter":"https://goo.gl/oaeNPb","phone":"50-36-00-00 Ext: 51235. 56-28-13-00 Ext: *356"},{"name":"Villagómez Guerrero Ramón","hash":154050498,"email":"ramon.villagomez@congreso.gob.mx","twitter":"https://goo.gl/3HnlQF","phone":"50-36-00-00 Ext: 59060"},{"name":"Aguilar Robles David","hash":5711550,"email":"david.aguilar@congreso.gob.mx","twitter":"https://goo.gl/sRXa1X","phone":"50-36-00-00 Ext: 56244"},{"name":"Amaro Cancino Antonio","hash":88846560,"email":"antonio.amaro@congreso.gob.mx","twitter":"https://goo.gl/OVM582","phone":"50-36-00-00 Ext: 55192"},{"name":"Barón Ortiz Natalia Karina","hash":35226673065,"email":"karina.baron@congreso.gob.mx","twitter":"https://goo.gl/OWAkua","phone":"50-36-00-00 Ext: 56147"},{"name":"Benítez Tiburcio Mariana","hash":261873150,"email":"mariana.benitez@congreso.gob.mx","twitter":"https://goo.gl/JUHxUQ","phone":"50-36-00-00 Ext: 56112"},{"name":"Catalán Padilla Olga","hash":106910688,"email":"olga.catalan@congreso.gob.mx","twitter":"https://goo.gl/zWab7R","phone":"50-36-00-00 Ext: 56408"},{"name":"Coheto Martínez Vitalico Cándido","hash":15296675004,"email":"candido.coheto@congreso.gob.mx","twitter":"https://goo.gl/gL9Pk0","phone":"50-36-00-00 Ext: 56250"},{"name":"Cruz Molina Eva Florinda","hash":142524840640,"email":"eva.cruz@congreso.gob.mx","twitter":"https://goo.gl/tFqcde","phone":"50-36-00-00 Ext: 56304"},{"name":"Estefan Garfias José Antonio","hash":460637760,"email":"jose.estefan@congreso.gob.mx","twitter":"https://goo.gl/Di9Wxp","phone":"50-36-00-00 Ext: 56434"},{"name":"Fuentes Alonso Modesta","hash":28462464,"email":"modesta.fuentes@congreso.gob.mx","twitter":"https://goo.gl/MceRiX","phone":"50-36-00-00 Ext: 56139"},{"name":"Guevara Jiménez Yaret Adriana","hash":14537577600,"email":"yaret.guevara@congreso.gob.mx","twitter":"https://goo.gl/R1cLaf","phone":"50-36-00-00 Ext: 59005"},{"name":"López Sánchez Sergio","hash":605397,"email":"sergio.lopez@congreso.gob.mx","twitter":"https://goo.gl/0IkSRc","phone":"50-36-00-00 Ext: 56405"},{"name":"López Velasco Edith Yolanda","hash":1467545104,"email":"yolanda.lopezv@congreso.gob.mx","twitter":"https://goo.gl/NW2Ti8","phone":"50-36-00-00 Ext: 55059"},{"name":"Martínez Neri Francisco","hash":1175265,"email":"fmartinez.neri@congreso.gob.mx","twitter":"https://goo.gl/OIoVRk","phone":"56-28-13-00 Ext: 1821 y 5023"},{"name":"Martínez Sánchez Luis de León","hash":205992072,"email":"luis.martinez@congreso.gob.mx","twitter":"https://goo.gl/pDBr5e","phone":"50-36-00-00 Ext: 51250. 56-28-13-00 Ext: *143"},{"name":"Rafael Rubio Álvaro","hash":4479552,"email":"alvaro.rafael@congreso.gob.mx","twitter":"https://goo.gl/6cwVjs","phone":"50-36-00-00 Ext: 56092"},{"name":"Reyes Álvarez Felipe","hash":16820352,"email":"felipefelipereyes63@congreso.gob.mx","twitter":"https://goo.gl/yYMr18","phone":"56-28-13-00 Ext: 3743"},{"name":"Sánchez Ruiz Karina","hash":2647080,"email":"ksanchez.ruiz@congreso.gob.mx","twitter":"https://goo.gl/R7yNr6","phone":"50-36-00-00 Ext: 51262"},{"name":"Sarabia Camacho Carlos","hash":107504670,"email":"carlos.sarabia@congreso.gob.mx","twitter":"https://goo.gl/ohuAbA","phone":"50-36-00-00 Ext: 57235"},{"name":"Tannos Cruz Yarith","hash":384239856,"email":"yarith.tannos@congreso.gob.mx","twitter":"https://goo.gl/PQLsS8","phone":"50-36-00-00 Ext: 56106"},{"name":"Tello López Jorge","hash":423738,"email":"jorge.tello@congreso.gob","twitter":"https://goo.gl/BKSfiU","phone":"50-36-00-00 EXt: 56484"},{"name":"Valencia García Oscar","hash":11139216,"email":"oscar.valencia@congreso.gob.mx","twitter":"https://goo.gl/CeFa6p","phone":"50-36-00-00 Ext: 67239"},{"name":"Abdala Dartigues Rodrigo","hash":295176084,"email":"rodrigo.abdala@congreso.gob.mx","twitter":"https://goo.gl/fgDme2","phone":"50-36-00-00 Ext: 56480"},{"name":"Alejo Domínguez Hugo","hash":27109248,"email":"hugo.alejo@congreso.gob.mx","twitter":"https://goo.gl/Ka0kav","phone":"50-36-00-00 Ext: 51190. 56-28-13-00 Ext: *370"},{"name":"Alva y Alva Miguel","hash":113016353894,"email":"miguel.alvay@congreso.gob.mx","twitter":"https://goo.gl/EJBTEJ","phone":"50-36-00-00 Ext: 59248"},{"name":"Armenta Mier Alejandro","hash":27541530,"email":"alejandro.armenta@congreso.gob.mx","twitter":"https://goo.gl/jSypzr","phone":"50-36-00-00 Ext: 56058"},{"name":"Barragán Amador Carlos","hash":108084600,"email":"carlos.barragan@congreso.gob.mx","twitter":"https://goo.gl/dUsFbr","phone":"50-36-00-00 Ext: 67079"},{"name":"Castañón Herrera Eukid","hash":331241820,"email":"eukid.castanon@congreso.gob.mx","twitter":"https://goo.gl/nZeUg0","phone":"50-36-00-00 Ext: 51227. 56-28-13-00 Ext: *133"},{"name":"Ceja García Xitlalic","hash":30120192,"email":"xitlalic.ceja@congreso.gob.mx","twitter":"https://goo.gl/bgSuOW","phone":"50-36-00-00 Ext: 56110"},{"name":"Celis Aguirre Juan Manuel","hash":7298981496,"email":"juan.celis@congreso.gob.mx","twitter":"https://goo.gl/VpfBTx","phone":"50-36-00-00 Ext: 59030"},{"name":"Córdova Morán Hersilia Onfalia Adamina","hash":2092963514888400,"email":"hersilia.cordova@congreso.gob.mx","twitter":"https://goo.gl/ELdy1U","phone":"50-36-00-00 Ext: 56085"},{"name":"Estefan Chidiac Charbel Jorge","hash":8132318460,"email":"charbel.estefan@congreso.gob.mx","twitter":"https://goo.gl/WEzk3K","phone":"50-36-00-00 Ext: 56254"},{"name":"García Escobar Lilia Arminda","hash":6723183222,"email":"lilia.garcia@congreso.gob.mx","twitter":"https://goo.gl/3ZiYr6","phone":"50-36-00-00 Ext: 51237. 56-28-13-00 Ext: *377"},{"name":"Garrido Muñoz Rubén Alejandro","hash":327053448,"email":"ruben.garrido@congreso.gob.mx","twitter":"https://goo.gl/DLDnKJ","phone":"50-36-00-00 Ext: 51177. 56-28-13-00 Ext: *366"},{"name":"Giorgana Jiménez Víctor Manuel","hash":479852100,"email":"victor.giorgana@congreso.gob.mx","twitter":"https://goo.gl/BaugPO","phone":"56-28-13-00 Ext: 1430"},{"name":"Gómez Olivier Sergio Emilio","hash":551951010,"email":"sergio.gomez@congreso.gob.mx","twitter":"https://goo.gl/1OIu1d","phone":"50-36-00-00 Ext: 59159. 56-28-13-00 Ext: *394"},{"name":"Huepa Pérez Miguel Ángel","hash":927540936,"email":"miguel.huepa@congreso.gob.mx","twitter":"https://goo.gl/owmqox","phone":"50-36-00-00 Ext: 51202. 56-28-13-00 Ext: *372"},{"name":"Huerta Villegas Genoveva","hash":145985688,"email":"genoveva.huerta@congreso.gob.mx","twitter":"https://goo.gl/hw10P0","phone":"50-36-00-00 Ext: 59160. 56-28-13-00 Ext: *382"},{"name":"Palomares Ramírez Elvia Graciela","hash":35832147120,"email":"elvia.palomares@congreso.gob.mx","twitter":"https://goo.gl/J4ZRPe","phone":"50-36-00-00 Ext: 56083"},{"name":"Piña Kurczyn Juan Pablo","hash":4236038352,"email":"juan.pina@congreso.gob.mx","twitter":"https://goo.gl/9h0nTy","phone":"50-36-00-00 Ext: 59288. 56-28-13-00 Ext: *373"},{"name":"Ramos Ramírez Blandina","hash":15273720,"email":"blandina.ramos@congreso.gob.mx","twitter":"https://goo.gl/BiPJdz","phone":"50-36-00-00 Ext: 67131"},{"name":"Rivera Sosa José Lorenzo","hash":1143397500,"email":"lorenzo.rivera@congreso.gob.mx","twitter":"https://goo.gl/UmByNv","phone":"50-36-00-00 Ext: 56102"},{"name":"Rodríguez Della Vecchia Mónica","hash":37797561648,"email":"monica.rodriguez@congreso.gob.mx","twitter":"https://goo.gl/LdZ7MB","phone":"50-36-00-00 Ext: 59288. 56-28-13-00 Ext: *373"},{"name":"Villa Trujillo Edith","hash":206886768,"email":"edith.villa@congreso.gob.mx","twitter":"https://goo.gl/MlQfT2","phone":"50-36-00-00 Ext: 56098"},{"name":"Arzaluz Alonso Alma Lucia","hash":94150425600,"email":"alma.arzaluz@congreso.gob.mx","twitter":"https://goo.gl/Ifqkcm","phone":"50-36-00-00 Ext: 59104"},{"name":"Cabrera Ruiz José Hugo","hash":217647600,"email":"hugo.cabrera@congreso.gob.mx","twitter":"https://goo.gl/wQ4WAh","phone":"56-28-13-00 Ext: 1476"},{"name":"Casillas Gutiérrez J. Apolinar","hash":14825667168,"email":"apolinar.casillas@congreso.gob.mx","twitter":"https://goo.gl/69fiMX","phone":"50-36-00-00 Ext: 51190"},{"name":"Cuanalo Santos Gerardo Gabriel","hash":15790560,"email":"gerardo.cuanalo@congreso.gob.mx","twitter":"https://goo.gl/8YSfcN","phone":"50-36-00-00 Ext: 51215. 56-28-13-00 Ext: *361"},{"name":"García Pérez María","hash":479655,"email":"mgarcia.perez@congreso.gob.mx","twitter":"https://goo.gl/G3Tj5M","phone":"50-36-00-00 Ext: 51179. 56-28-13-00 Ext: *296"},{"name":"Guerra Urbiola Braulio Mario","hash":60047750250,"email":"braulio.guerra@congreso.gob.mx","twitter":"https://goo.gl/0o9Tz8","phone":"50-36-00-00 Ext: 67094"},{"name":"Murguía Gutiérrez María Guadalupe","hash":1692044640,"email":"maria.murguia@congreso.gob.mx","twitter":"https://goo.gl/NHCfej","phone":"50-36-00-00 Ext: 51140. 56-28-13-00 Ext: *386"},{"name":"Rivera Castillejos Armando Alejandro","hash":3568181344,"email":"armando.rivera@congreso.gob.mx","twitter":"https://goo.gl/TJSmM9","phone":"50-36-00-00 Ext: 51217. 56-28-13-00 Ext: *393"},{"name":"Canales Suárez Paloma","hash":263428200,"email":"paloma.canales@congreso.gob.mx","twitter":"https://goo.gl/Bu6Dj6","phone":"50-36-00-00 Ext: 66252"},{"name":"Gutiérrez García Carlos","hash":1432080,"email":"N/A","twitter":"https://goo.gl/CTY4hx","phone":"50-36-00-00 Ext: 57027 y 58097"},{"name":"Machuca Sánchez Mario","hash":10651248,"email":"N/A","twitter":"https://goo.gl/3vsmW9","phone":"50-36-00-00 Ext: 59104"},{"name":"Mólgora Glover Arlet","hash":533410920,"email":"arlet.molgora@congreso.gob.mx","twitter":"https://goo.gl/Ck55jd","phone":"56-28-13-00 Ext: 1811"},{"name":"Pool Pech Isaura Ivanova","hash":2132975541840,"email":"isaura.pool@congreso.gob.mx","twitter":"https://goo.gl/soxeLW","phone":"50-36-00-00 Ext: 56316"},{"name":"Ruíz Chávez Sara Latife","hash":11663160840,"email":"N/A","twitter":"https://goo.gl/c3wvse","phone":"56-28-13-00 Ext: 5070. 50-36-00-00 Ext: 66170"},{"name":"Sánchez Carrillo Patricia","hash":692208,"email":"psanchez.carrillo@congreso.gob.mx","twitter":"https://goo.gl/T9Es6b","phone":"50-36-00-00 Ext: 59164. 56-28-13-00 Ext: *365"},{"name":"Toledo Medina José Luis","hash":1657260,"email":"joseluis.toledo@congreso.gob.mx","twitter":"https://goo.gl/j8Otpe","phone":"56-28-13-00 Ext: 1465"},{"name":"Arévalo González José Antonio","hash":32844240,"email":"jose.arevalo@congreso.gob.mx","twitter":"https://goo.gl/MYIuuE","phone":"50-36-00-00 Ext: 59113"},{"name":"Briones Pérez Erika Irazema","hash":42479508780,"email":"erika.briones@congreso.gob.mx","twitter":"https://goo.gl/YjEPpL","phone":"50-36-00-00 Ext: 56397"},{"name":"Gama Basarte Marco Antonio","hash":108068636544,"email":"marco.gama@congreso.gob.mx","twitter":"https://goo.gl/X4IBrZ","phone":"50-36-00-00 Ext: 51224. 56-28-13-00 Ext: *159"},{"name":"Guerrero Aguilar Fabiola","hash":24252423,"email":"fabiola.guerrero@congreso.gob.mx","twitter":"https://goo.gl/H58BZ9","phone":"50-36-00-00 Ext: 66326"},{"name":"Guerrero Coronado Delia","hash":386312712,"email":"delia.guerrero@congreso.gob.mx","twitter":"https://goo.gl/BVQL1m","phone":"56-28-13-00 Ext: 1424"},{"name":"Nava Palacios Francisco Xavier","hash":755889120,"email":"francisco.nava@congreso.gob.mx","twitter":"https://goo.gl/dSrXTM","phone":"50-36-00-00 Ext: 56319"},{"name":"Ochoa Rojas Cándido","hash":80149608,"email":"candido.ochoa@congreso.gob.mx","twitter":"https://goo.gl/QijtDp","phone":"50-36-00-00 Ext: 59095"},{"name":"Rodríguez Aguirre María de los Ángeles","hash":2813206334400,"email":"mariadelosangeles.rodriguez@congreso.gob.mx","twitter":"https://goo.gl/cc3eTO","phone":"50-36-00-00 Ext: 59187. 56-28-13-00 Ext: *381"},{"name":"Sánchez Sánchez Christian Joaquín","hash":123598458,"email":"christian.sanchez@congreso.gob.mx","twitter":"https://goo.gl/agZ8Iv","phone":"50-36-00-00 Ext: 66336"},{"name":"Tiscareño Agoitia Ruth Noemí","hash":205253480250,"email":"ruth.tiscarreno@congreso.gob.mx","twitter":"https://goo.gl/Y9yO4I","phone":"50-36-00-00 Ext: 66331"},{"name":"Antelo Esper Bernardino","hash":456831840,"email":"berna.antelo@congreso.gob.mx","twitter":"https://goo.gl/CDO2Mb","phone":"56-28-13-00 Ext: 5004"},{"name":"Campa Almaral Carmen Victoria","hash":258446622318,"email":"N/A","twitter":"https://goo.gl/bwsnaU","phone":"50-36-00-00 Ext: 56025"},{"name":"Clouthier Carrillo Manuel Jesús","hash":78557472,"email":"manuel.clouthier@congreso.gob.mx","twitter":"https://goo.gl/p0GyLh","phone":"50-36-00-00 Ext: 54250"},{"name":"Escobar Manjarrez Germán","hash":175688352,"email":"german.escobar@congreso.gob.mx","twitter":"https://goo.gl/EUE5Wd","phone":"50-36-00-00 Ext: 66095"},{"name":"Félix Niebla Gloria Himelda","hash":34696816128,"email":"gloria.felix@congreso.gob.mx","twitter":"https://goo.gl/7hIL4f","phone":"50-36-00-00 Ext: 66100"},{"name":"Galindo Rosas Jose De Jesus","hash":151903500,"email":"jose.galindo@congreso.gob.mx","twitter":"https://goo.gl/u8ScT5","phone":"50-36-00-00 Ext: 52008"},{"name":"Jackson Ramírez Jesús Enrique","hash":263217906,"email":"jesus.jackson@congreso.gob.mx","twitter":"https://goo.gl/IBXqSt","phone":"50-36-00-00 Ext: 66092"},{"name":"López Gutiérrez David Epifanio","hash":1077710400,"email":"david.lopez@congreso.gob.mx","twitter":"https://goo.gl/h6Bm0L","phone":"56-28-13-00 Ext: 1331"},{"name":"López Rodríguez Jesús Antonio","hash":1474704,"email":"jesus.lopez@congreso.gob.mx","twitter":"https://goo.gl/Ylc3QM","phone":"50-36-00-00 Ext: 59286. 56-28-13-00 Ext: *112"},{"name":"Millán Bueno Rosa Elena","hash":21191077728,"email":"rosa.millan@congreso.gob.mx","twitter":"https://goo.gl/DHJKpV","phone":"56-28-13-00 Ext: 7285"},{"name":"Plata Inzunza Evelio","hash":467663280,"email":"evelio.plata@congreso.gob.mx","twitter":"https://goo.gl/flA8jf","phone":"56-28-13-00 Ext: 1719"},{"name":"Tamayo Morales Martha Sofía","hash":31900227840,"email":"martha.tamayo@congreso.gob.mx","twitter":"https://goo.gl/k0NnMs","phone":"50-36-00-00 Ext: 66165"},{"name":"Vega Olivas Nadia Haydee","hash":103695480720,"email":"nadia.vega@congreso.gob.mx","twitter":"https://goo.gl/xnmGvs","phone":"50-36-00-00 Ext: 59179. 56-28-13-00 Ext: *332"},{"name":"Amparano Gamez Leticia","hash":231835164,"email":"leticia.amparano@congreso.gob.mx","twitter":"https://goo.gl/E8u8AC","phone":"50-36-00-00 Ext: 51215. 56-28-13-00 Ext: *361"},{"name":"Beltrones Sánchez Sylvana","hash":60061014,"email":"sylvana.beltrones@congreso.gob.mx","twitter":"https://goo.gl/etIVQz","phone":"56-28-13-00 Ext: 1833"},{"name":"Corella Platt Susana","hash":11682090,"email":"susana.corella@congreso.gob.mx","twitter":"https://goo.gl/CRlRYa","phone":"50-36-00-00 Ext: 55177"},{"name":"Cristopulos Ríos Héctor Ulises","hash":41691850200,"email":"hector.cristopulos@congreso.gob.mx","twitter":"https://goo.gl/qcrqJ9","phone":"50-36-00-00 Ext: 66063"},{"name":"Garzón Canchola Refugio Trinidad","hash":255211076670,"email":"refugio.garzon@congreso.gob.mx","twitter":"https://goo.gl/kT7dbR","phone":"50-36-00-00 Ext: 66038"},{"name":"Ibarra Otero Próspero Manuel","hash":17282568510,"email":"prospero.ibarra@congreso.gob.mx","twitter":"https://goo.gl/kp30Rr","phone":"50-36-00-00 Ext: 67258"},{"name":"Lizárraga Figueroa Teresa de Jesús","hash":342978048,"email":"teresa.lizarraga@congreso.gob.mx","twitter":"https://goo.gl/vBuhih","phone":"50-36-00-00 Ext: 59197. 56-28-13-00 Ext: *125"},{"name":"López Córdova José Everardo","hash":69528600,"email":"everardo.lopez@congreso.gob.mx","twitter":"https://goo.gl/RAfmJd","phone":"50-36-00-00 Ext: 59286. 56-28-13-00 Ext: *112"},{"name":"Murrieta Gutiérrez Abel","hash":108368064,"email":"abel.murrieta@congreso.gob.mx","twitter":"https://goo.gl/y7jLZt","phone":"56-28-13-00 Ext: 8248"},{"name":"Neblina Vega Javier Antonio","hash":4957645440,"email":"javier.neblina@congreso.gob.mx","twitter":"https://goo.gl/rOQQ12","phone":"50-36-00-00 Ext: 51192. 56-28-13-00 Ext: *376"},{"name":"Rodríguez Torres Luis Agustín","hash":2322301212,"email":"luis.rodriguez@congreso.gob.mx","twitter":"https://goo.gl/GF20Tp","phone":"50-36-00-00 Ext: 51226. 56-28-13-00 Ext: *126"},{"name":"Bocanegra Ruíz Elio","hash":89268720,"email":"elio.bocanegra@congreso.gob.mx","twitter":"https://goo.gl/dOFr1l","phone":"50-36-00-00 Ext: 56422"},{"name":"Córdova Hernández José Del Pilar","hash":10315270800,"email":"jose.cordova@congreso.gob.mx","twitter":"https://goo.gl/UiVVTm","phone":"50-36-00-00 Ext: 67299"},{"name":"Ferrer Abalos Óscar","hash":221268840,"email":"oscar.ferrer@congreso.gob.mx","twitter":"https://goo.gl/7trjhm","phone":"50-36-00-00 Ext: 56442"},{"name":"Hernández Correa Guadalupe","hash":10977120,"email":"guadalupe.hernandez@congreso.gob.mx","twitter":"https://goo.gl/FJzyQC","phone":"50-36-00-00 Ext: 67132"},{"name":"Madrigal Méndez Liliana Ivette","hash":1842975200,"email":"liliana.madrigal@congreso.gob.mx","twitter":"https://goo.gl/lEibTQ","phone":"50-36-00-00 Ext: 67299"},{"name":"Madrigal Sánchez Araceli","hash":8461992,"email":"araceli.madrigal@congreso.gob.mx","twitter":"https://goo.gl/AGZxoC","phone":"50-36-00-00 Ext: 56350"},{"name":"Peralta Grappin Héctor","hash":240345630,"email":"hector.peralta@congreso.gob.mx","twitter":"https://goo.gl/UnBfRh","phone":"56-28-13-00 Ext: 3438"},{"name":"Pérez Alvarado Candelario","hash":91290402,"email":"candelario.perez@congreso.gob.mx","twitter":"https://goo.gl/jSUGcu","phone":"50-36-00-00 Ext: 67181"},{"name":"Trujillo Zentella Georgina","hash":152761952,"email":"georgina.trujillo@congreso.gob.mx","twitter":"https://goo.gl/7gfJbR","phone":"50-36-00-00 Ext: 51283"},{"name":"Abdala Carmona Yahleel","hash":214620000,"email":"yahleel.abdala@congreso.gob.mx","twitter":"https://goo.gl/S6Pbb5","phone":"56-28-13-00 Ext: 5088"},{"name":"Arcos Velázquez Montserrat Alicia","hash":340213264160,"email":"montserrat.arcos@congreso.gob.mx","twitter":"https://goo.gl/qT7ZVV","phone":"56-28-13-00 Ext: 5073"},{"name":"Camargo Félix María Esther Guadalupe","hash":2666305204200,"email":"maria.camargo@congreso.gob.mx","twitter":"https://goo.gl/D7YRfb","phone":"56-28-13-00 Ext: 5092"},{"name":"Cárdenas Gutiérrez Gustavo Adolfo","hash":76596411456,"email":"gustavo.cardenas@congreso.gob.mx","twitter":"https://goo.gl/69qFfP","phone":"50-36-00-00 Ext: 56200"},{"name":"Coronado Ayarzagoitia Pedro","hash":41420912,"email":"N/A","twitter":"https://goo.gl/dTes2Y","phone":"56-28-13-00 Ext: 5084"},{"name":"González Salum Miguel Ángel","hash":206378172,"email":"miguel.gonzalez@congreso.gob.mx","twitter":"https://goo.gl/4eJrNa","phone":"56-28-13-00 Ext: 5090"},{"name":"Guevara Cobos Luis Alejandro","hash":3266406000,"email":"luis.guevara@congreso.gob.mx","twitter":"https://goo.gl/NBpYaT","phone":"56-28-13-00 Ext: 5086"},{"name":"Guillén Vicente Mercedes Del Carmen","hash":10402809380700,"email":"mercedes.guillen@congreso.gob.mx","twitter":"https://goo.gl/vOUyGK","phone":"50-36-00-00 Ext: 57130, 57132"},{"name":"Hinojosa Ochoa Baltazar Manuel","hash":155795045220,"email":"baltazar.hinojosa@congreso.gob.mx","twitter":"https://goo.gl/wF8FfN","phone":"50-36-00-00 Ext: 66074"},{"name":"Melhem Salinas Edgardo","hash":409581120,"email":"edgardo.melhem@congreso.gob.mx","twitter":"https://goo.gl/RGaXVK","phone":"50-36-00-00 Ext: 66075"},{"name":"Méndez Salas Jesús Rafael","hash":821205,"email":"jesus.mendez@congreso.gob.mx","twitter":"https://goo.gl/Z4Ex8S","phone":"50-36-00-00 Ext: 56039"},{"name":"Pineda Morín Abdies","hash":767436600,"email":"abdies.pineda@congreso.gob.mx","twitter":"https://goo.gl/lP8NEM","phone":"50-36-00-00 Ext: 56114"},{"name":"Rendón García Cesar Augusto","hash":11733092946,"email":"cesar.rendon@congreso.gob.mx","twitter":"https://goo.gl/LwyOte","phone":"50-36-00-00 Ext: 59276. 56-28-13-00 Ext: *109"},{"name":"Romero Vega Esdras","hash":134491014,"email":"esdras.romero@congreso.gob.mx","twitter":"https://goo.gl/PTRjUY","phone":"56-28-13-00 Ext: 5089"},{"name":"Valles Olvera Elva Lidia","hash":1318075843800,"email":"elva.valles@congreso.gob.mx","twitter":"https://goo.gl/eQ5GpN","phone":"50-36-00-00 Ext: 51224. 56-28-13-00 Ext: *159"},{"name":"Alvarado Varela Edith Anabel","hash":214169075120,"email":"edith.alvarado@congreso.gob.mx","twitter":"https://goo.gl/a8I4Jf","phone":"50-36-00-00 Ext: 51265"},{"name":"Corral Mier Juan","hash":119179642,"email":"juan.corral@congreso.gob.mx","twitter":"https://goo.gl/dnBjWc","phone":"50-36-00-00 Ext: 51202. 56-28-13-00 Ext: *372"},{"name":"García Portilla Ricardo David","hash":1834017120,"email":"ricardo.garcia@congreso.gob.mx","twitter":"https://goo.gl/BVGiMY","phone":"50-36-00-00 Ext: 55178"},{"name":"Muñoz Sánchez Rosalinda","hash":619020,"email":"rosalinda.munoz@congreso.gob.mx","twitter":"https://goo.gl/yLgdgS","phone":"50-36-00-00 Ext: 66040"},{"name":"Abdala Saad Antonio Tarek","hash":139290307200,"email":"antonio.abdala@congreso.gob.mx","twitter":"https://goo.gl/6ESnOC","phone":"50-36-00-00 Ext: 66193."},{"name":"Aguilar Yunes Marco Antonio","hash":8793005056,"email":"marco.aguilaryunez@congreso.gob.mx","twitter":"https://goo.gl/BvDrIF","phone":"56-28-13-00 Ext: 1440."},{"name":"Amador Rodríguez Leonardo","hash":4599630,"email":"leonardo.amador@congreso.gob.mx","twitter":"https://goo.gl/LiVcqm","phone":"50-36-00-00 Ext: 56364"},{"name":"Cambranis Torres Enrique","hash":76834474,"email":"enrique.cambranis@congreso.gob.mx","twitter":"https://goo.gl/iyKCcK","phone":"50-36-00-00 Ext: 59339"},{"name":"Carvallo Delfín Jorge Alejandro","hash":778861440,"email":"jorge.carvallo@congreso.gob.mx","twitter":"https://goo.gl/hUUFu5","phone":"56-28-13-00 Ext: 1443."},{"name":"Cházaro Montalvo Oswaldo Guillermo","hash":345395149704,"email":"oswaldo.chazaro@congreso.gob.mx","twitter":"https://goo.gl/gXLT4t","phone":"50-36-00-00 Ext: 66198."},{"name":"De León Maza Sofía Del Sagrario","hash":20038669320384,"email":"sofia.deleon@congreso.gob.mx","twitter":"https://goo.gl/gzEziU","phone":"50-36-00-00 Ext: 66055."},{"name":"García Jiménez Cuitláhuac","hash":4990860,"email":"cuitlahuac.garcia@congreso.gob.mx","twitter":"https://goo.gl/iWcl9s","phone":"50-36-00-00 Ext: 67143."},{"name":"Guízar Valladares Gonzalo","hash":966441210,"email":"gonzalo.guizar@congreso.gob.mx","twitter":"https://goo.gl/NRzOY3","phone":"50-36-00-00 Ext: 56462."},{"name":"Gutiérrez De Velasco Urtaza Francisco José","hash":29750492160,"email":"francisco.gutierrez@congreso.gob.mx","twitter":"https://goo.gl/lbB80F","phone":"50-36-00-00 Ext: 51202. 56-28-13-00 Ext: *372."},{"name":"Guzmán Lagunes Noemí Zoila","hash":154569836250,"email":"noemi.guzman@congreso.gob.mx","twitter":"https://goo.gl/WxSeHY","phone":"50-36-00-00 Ext: 66049."},{"name":"Herrera Borunda Javier Octavio","hash":3205708233,"email":"javier.herrera@congreso.gob.mx","twitter":"https://goo.gl/oC3Wxp","phone":"50-36-00-00 Ext: 59115."},{"name":"Kuri Grajales Fidel","hash":467730876,"email":"fidel.kuri@congreso.gob.mx","twitter":"https://goo.gl/doOieE","phone":"56-28-13-00 Ext: 7264."},{"name":"Lagos Hernández Erick Alejandro","hash":252213750,"email":"erick.lagos@congreso.gob.mx","twitter":"https://goo.gl/ORCWZs","phone":"56-28-13-00 Ext: 1334."},{"name":"Mota Hernández Adolfo","hash":30585780,"email":"adolfo.mota@congreso.gob.mx","twitter":"https://goo.gl/iUB1wN","phone":"50-36-00-00 Ext: 66206."},{"name":"Nahle García Norma Rocío","hash":1437702750,"email":"norma.nahle@congreso.gob.mx","twitter":"https://goo.gl/SMVsR4","phone":"50-36-00-00 Ext: 67141."},{"name":"Pinete Vargas María del Carmen","hash":59265665690,"email":"maria.pinete@congreso.gob.mx","twitter":"https://goo.gl/gCvEdw","phone":"56 28 13 00, ext: 7206, 7220"},{"name":"Quinto Guillén Carlos Federico","hash":380630250,"email":"carlos.quinto@congreso.gob.mx","twitter":"https://goo.gl/1XHDmV","phone":"50-36-00-00 Ext: 66185."},{"name":"Ramírez Peralta Karen Orney","hash":333558399636,"email":"karen.ramirez@congreso.gob.mx","twitter":"https://goo.gl/otlsXf","phone":"50-36-00-00 Ext: 56322"},{"name":"Ramírez Ramos Gabriela","hash":2996224,"email":"gabriela.ramirez@congreso.gob.mx","twitter":"https://goo.gl/5mYAhj","phone":"50-36-00-00 Ext: 59164. 56-28-13-00 Ext: *365."},{"name":"Sáenz Soto José Luis","hash":50710440,"email":"jose.saenz@congreso.gob.mx","twitter":"https://goo.gl/2mZvTO","phone":"56-28-13-00 Ext: 8282."},{"name":"Salazar Espinosa Heidi","hash":70043400,"email":"heidi.salazar@congreso.gob.mx","twitter":"https://goo.gl/dlnkSR","phone":"50-36-00-00 Ext: 66201"},{"name":"Saldaña Morán Julio","hash":1307188820,"email":"julio.saldana@congreso.gob.mx","twitter":"https://goo.gl/XbcSI1","phone":"50-36-00-00 Ext: 56357"},{"name":"Sarur Torre Adriana","hash":212984160,"email":"adriana.sarur@congreso.gob.mx","twitter":"https://goo.gl/Dow7oi","phone":"50-36-00-00 Ext: 59064."},{"name":"Sedas Castro Miguel Ángel","hash":451722852,"email":"miguel.sedas@congreso.gob.mx","twitter":"https://goo.gl/VMFjur","phone":"50-36-00-00 Ext: 59132."},{"name":"Silva Ramos Alberto","hash":4779456,"email":"alberto.silva@congreso.gob.mx","twitter":"https://goo.gl/ePpK60","phone":"50-36-00-00 Ext: 66052."},{"name":"Spinoso Carrera Edgar","hash":158608320,"email":"edgar.spinoso@congreso.gob.mx","twitter":"https://goo.gl/GqHGRs","phone":"50-36-00-00 Ext: 66199."},{"name":"Vázquez Parissi Cirilo","hash":405297156,"email":"cirilo.vazquez@congreso.gob.mx","twitter":"https://goo.gl/3x1YfR","phone":"50-36-00-00 Ext: 66059."},{"name":"Zepahua García Lillian","hash":46270056,"email":"lilian.zepahua@congreso.gob.mx","twitter":"https://goo.gl/Ly1eHP","phone":"56-28-13-00 Ext: 1726."},{"name":"Alpizar Carrillo Lucely Del Perpetuo Socorro","hash":246563939468160,"email":"lucely.alpizar@congreso.gob.mx","twitter":"https://goo.gl/FWHNfD","phone":"50-36-00-00 Ext: 67061."},{"name":"Bolio Pinelo Kathia María","hash":82561736400,"email":"kathia.bolio@congreso.gob.mx","twitter":"https://goo.gl/wyeLUc","phone":"50-36-00-00 Ext: 59146."},{"name":"Castro Vázquez Rogerio","hash":37475142,"email":"rogerio.castro@congreso.gob.mx","twitter":"https://goo.gl/IiW0yO","phone":"50-36-00-00 Ext: 56475"},{"name":"Cervera Hernández Felipe","hash":24482250,"email":"felipe.cervera@congreso.gob.mx","twitter":"https://goo.gl/EpoSxd","phone":"50-36-00-00 Ext: 67073"},{"name":"Díaz Mena Joaquín Jesús","hash":26907272,"email":"joaquin.diaz@congreso.gob.mx","twitter":"https://goo.gl/mvTUhM","phone":"50-36-00-00 Ext: 51173"},{"name":"Fernández del Valle Laisequilla Andrés","hash":8109537988188,"email":"andres.fernandez@congreso.gob.mx","twitter":"https://goo.gl/KYzHJ7","phone":"56-28-13-00 Ext: 5080"},{"name":"Gamboa Miner Pablo","hash":39847898,"email":"pablo.gamboa@congreso.gob.mx","twitter":"https://goo.gl/jwuI9D","phone":"50-36-00-00 Ext: 55265"},{"name":"Méndez Bazán Virgilio Daniel","hash":21399855750,"email":"virgilio.mendez@congreso.gob.mx","twitter":"https://goo.gl/YA9T1R","phone":"50-36-00-00 Ext: 58216"},{"name":"Ortega Pacheco Ivonne Aracelly","hash":37567941300,"email":"ivonne.ortega@congreso.gob.mx","twitter":"https://goo.gl/hY3NX3","phone":"50-36-00-00 Ext: 58180"},{"name":"Ramírez Marín Jorge Carlos","hash":539655480,"email":"jcarlos.ramirez@congreso.gob.mx","twitter":"https://goo.gl/z5wrbv","phone":"50360220 Ext 67065"},{"name":"Torres Rivas Francisco Alberto","hash":3557879796,"email":"francisco.torresrivas@congreso.gob.mx","twitter":"https://goo.gl/S0L2ZP","phone":"50-36-00-00 Ext: 59001"},{"name":"Vidal Aguilar Liborio","hash":25810752,"email":"liborio.vidal@congreso.gob.mx","twitter":"https://goo.gl/xHAbgR","phone":"50-36-00-00 Ext: 67063"},{"name":"Anaya Mota Claudia Edith","hash":38391278464,"email":"claudia.anaya@congreso.gob.mx","twitter":"https://goo.gl/PcxnML","phone":"50-36-00-00 Ext: 67260."},{"name":"Basurto Román Alfredo","hash":277833792,"email":"alfredo.basurto@congreso.gob.mx","twitter":"https://goo.gl/9C9A4a","phone":"50-36-00-00 Ext: 59247."},{"name":"Cordero Lerma Leonel Gerardo","hash":1280822970,"email":"leonel.cordero@congreso.gob.mx","twitter":"https://goo.gl/GyUuJ0","phone":"50-36-00-00 Ext: 59193. 56-28-13-00 Ext: *141."},{"name":"Corichi García Claudia Sofía","hash":5933442816,"email":"claudia.corichi@congreso.gob.mx","twitter":"https://goo.gl/f0wVyO","phone":"50-36-00-00 Ext: 67208"},{"name":"Escobedo Villegas Francisco","hash":31162788,"email":"francisco.escobedo@congreso.gob.mx","twitter":"https://goo.gl/6sv4pL","phone":"50-36-00-00 Ext: 59086."},{"name":"Guerrero Esquivel Araceli","hash":72263268,"email":"araceli.guerrero@congreso.gob.mx","twitter":"https://goo.gl/1EUndN","phone":"50-36-00-00 Ext: 54239."},{"name":"Medrano Quezada Benjamín","hash":935440374,"email":"benjamin.medrano@congreso.gob.mx","twitter":"https://goo.gl/FfPtjH","phone":"50-36-00-00 Ext: 59161."},{"name":"Trejo Flores Mariana","hash":258006903,"email":"mariana.trejo@congreso.gob.mx","twitter":"https://goo.gl/n1ah5p","phone":"50-36-00-00 Ext: 67144"}]